[
    {
        "user": "UAF2NH90S",
        "text": "<@UAF2NH90S> has joined the channel",
        "type": "message",
        "subtype": "channel_join",
        "ts": "1524902754.000015"
    },
    {
        "user": "UAG1L0G1L",
        "text": "<@UAG1L0G1L> has joined the channel",
        "type": "message",
        "subtype": "channel_join",
        "ts": "1524924595.000019"
    },
    {
        "user": "UAEKMR9AM",
        "text": "<@UAEKMR9AM> has joined the channel",
        "type": "message",
        "subtype": "channel_join",
        "ts": "1524939680.000045"
    },
    {
        "user": "UAEMU4PH7",
        "text": "<@UAEMU4PH7> has joined the channel",
        "type": "message",
        "subtype": "channel_join",
        "ts": "1524970109.000072"
    }
]