[
    {
        "type": "message",
        "user": "UA7BD5T55",
        "text": "\/poll \"Is everyone okay with having our first session on Friday (May 4th)?\" \"Yes\" \"No\"",
        "ts": "1525248409.000236"
    },
    {
        "text": "",
        "bot_id": "BAHTPCZ7Z",
        "attachments": [
            {
                "fallback": "Open Slack to cast your vote in this Simple Poll",
                "title": "Is everyone okay with having our first session on Friday (May 4th)?",
                "id": 1,
                "color": "6ecadc",
                "fields": [
                    {
                        "title": "",
                        "value": ":one: Yes    `13`\n<@UADKV7NKX>, <@UAGA30F89>, <@UAG8150DQ>, <@UAH4JD7AS>, <@UAGS5RV5Y>, <@UAEKMR9AM>, <@UAD1J8E2D>, <@UAG32HM9T>, <@UAG5M01EU>, <@UAF6C58G4>, <@UAHFFP1V0>, <@UA6DUCVSR>, <@UAD8KTBRA>\n\n",
                        "short": false
                    },
                    {
                        "title": "",
                        "value": ":two: No    `8`\n<@UAGP6EYNS>, <@UAFM76USG>, <@UAFRTH4EP>, <@UAG32HM9T>, <@UADMM3X1T>, <@UAGT5K0FR>, <@UAD8N2D1A>, <@UAHUQBNUX>\n\n",
                        "short": false
                    }
                ],
                "mrkdwn_in": [
                    "fields"
                ]
            },
            {
                "callback_id": "24450538-d5f9-4178-884b-8c355a0815e7",
                "fallback": "Open Slack to cast your vote in this Simple Poll",
                "id": 2,
                "color": "6ecadc",
                "actions": [
                    {
                        "id": "1",
                        "name": "vote",
                        "text": ":one:",
                        "type": "button",
                        "value": "1",
                        "style": ""
                    },
                    {
                        "id": "2",
                        "name": "vote",
                        "text": ":two:",
                        "type": "button",
                        "value": "2",
                        "style": ""
                    },
                    {
                        "id": "3",
                        "name": "delete-v2",
                        "text": "Delete Poll",
                        "type": "button",
                        "value": "",
                        "style": "danger",
                        "confirm": {
                            "text": "Are you sure you want to delete the Poll?",
                            "title": "Delete Poll?",
                            "ok_text": "Yes",
                            "dismiss_text": "No"
                        }
                    }
                ]
            },
            {
                "callback_id": "24450538-d5f9-4178-884b-8c355a0815e7",
                "fallback": "Open Slack to cast your vote in this Simple Poll",
                "footer": "Simple Poll        <https:\/\/simplepoll.rocks\/dashboard\/cryptography-re-smp\/settings\/|Edit Settings>",
                "id": 3,
                "footer_icon": "https:\/\/simplepoll.rocks\/static\/main\/favicon.png",
                "color": "6ecadc"
            }
        ],
        "type": "message",
        "subtype": "bot_message",
        "ts": "1525248409.000327"
    },
    {
        "type": "message",
        "user": "UAG32HM9T",
        "text": "Uhh I meant to vote for 'yes' only",
        "client_msg_id": "20aa137d-6221-470e-ad8a-a8c94a008e83",
        "thread_ts": "1525256424.000327",
        "reply_count": 1,
        "replies": [
            {
                "user": "UA7BD5T55",
                "ts": "1525264206.000513"
            }
        ],
        "unread_count": 1,
        "ts": "1525256424.000327"
    },
    {
        "type": "message",
        "user": "UA7BD5T55",
        "text": "Click on option 2 again to unvote",
        "client_msg_id": "45f5f957-9111-4eb9-8e65-8fcb62c7a273",
        "thread_ts": "1525256424.000327",
        "parent_user_id": "UAG32HM9T",
        "ts": "1525264206.000513"
    }
]