[
    {
        "user": "UA6DUCVSR",
        "text": "<@UA6DUCVSR> has joined the channel",
        "type": "message",
        "subtype": "channel_join",
        "ts": "1523617724.000187"
    },
    {
        "user": "UA6DUCVSR",
        "topic": "Announcements and Important Messages",
        "text": "<@UA6DUCVSR> set the channel topic: Announcements and Important Messages",
        "type": "message",
        "subtype": "channel_topic",
        "ts": "1523618098.000079"
    },
    {
        "user": "UA7BD5T55",
        "text": "<@UA7BD5T55> has joined the channel",
        "type": "message",
        "subtype": "channel_join",
        "ts": "1523618208.000365"
    }
]