[
    {
        "user": "UAF3KTL64",
        "text": "<@UAF3KTL64> has joined the channel",
        "type": "message",
        "subtype": "channel_join",
        "ts": "1525099755.000737"
    },
    {
        "user": "UAGT5K0FR",
        "text": "<@UAGT5K0FR> has joined the channel",
        "type": "message",
        "subtype": "channel_join",
        "ts": "1525103511.000245"
    },
    {
        "user": "UAFRYU89G",
        "text": "<@UAFRYU89G> has joined the channel",
        "type": "message",
        "subtype": "channel_join",
        "ts": "1525104049.000781"
    },
    {
        "user": "UAG0QS4NR",
        "text": "<@UAG0QS4NR> has joined the channel",
        "type": "message",
        "subtype": "channel_join",
        "ts": "1525104383.000538"
    },
    {
        "user": "UAFA87D0R",
        "text": "<@UAFA87D0R> has joined the channel",
        "type": "message",
        "subtype": "channel_join",
        "ts": "1525104813.000691"
    },
    {
        "user": "UAGP6EYNS",
        "text": "<@UAGP6EYNS> has joined the channel",
        "type": "message",
        "subtype": "channel_join",
        "ts": "1525104896.000088"
    },
    {
        "user": "UAFSN3UD8",
        "text": "<@UAFSN3UD8> has joined the channel",
        "type": "message",
        "subtype": "channel_join",
        "ts": "1525105717.000075"
    }
]