[
    {
        "user": "UAG67A6FM",
        "text": "<@UAG67A6FM> has joined the channel",
        "type": "message",
        "subtype": "channel_join",
        "ts": "1525168031.000283"
    },
    {
        "user": "UAG67A6FM",
        "purpose": "Session 1 - Introduction to databases",
        "text": "<@UAG67A6FM> set the channel purpose: Session 1 - Introduction to databases",
        "type": "message",
        "subtype": "channel_purpose",
        "ts": "1525168092.000141"
    },
    {
        "user": "UAG67A6FM",
        "purpose": "Conduct sessions",
        "text": "<@UAG67A6FM> set the channel purpose: Conduct sessions",
        "type": "message",
        "subtype": "channel_purpose",
        "ts": "1525168108.000098"
    },
    {
        "user": "UAG67A6FM",
        "topic": "Introduction to databases #1",
        "text": "<@UAG67A6FM> set the channel topic: Introduction to databases #1",
        "type": "message",
        "subtype": "channel_topic",
        "ts": "1525168125.000042"
    },
    {
        "user": "UAFM85HFD",
        "text": "<@UAFM85HFD> has joined the channel",
        "type": "message",
        "subtype": "channel_join",
        "ts": "1525168458.000252"
    },
    {
        "user": "UAFNDABR7",
        "text": "<@UAFNDABR7> has joined the channel",
        "type": "message",
        "subtype": "channel_join",
        "ts": "1525169869.000180"
    },
    {
        "user": "UAFP9QVRQ",
        "text": "<@UAFP9QVRQ> has joined the channel",
        "type": "message",
        "subtype": "channel_join",
        "ts": "1525169986.000069"
    },
    {
        "user": "UAG2SJL8L",
        "text": "<@UAG2SJL8L> has joined the channel",
        "type": "message",
        "subtype": "channel_join",
        "ts": "1525170422.000216"
    },
    {
        "user": "UAG6KPHSP",
        "text": "<@UAG6KPHSP> has joined the channel",
        "type": "message",
        "subtype": "channel_join",
        "ts": "1525170607.000003"
    },
    {
        "user": "UAFNMHGDQ",
        "text": "<@UAFNMHGDQ> has joined the channel",
        "type": "message",
        "subtype": "channel_join",
        "ts": "1525170625.000139"
    },
    {
        "type": "message",
        "user": "UAG67A6FM",
        "text": "Hello everyone , I am Anumeha and I am one of your mentors for this SMP",
        "ts": "1525170699.000060"
    },
    {
        "type": "message",
        "user": "UAG67A6FM",
        "text": "Lets have a quick round of intro",
        "ts": "1525170708.000163"
    },
    {
        "type": "message",
        "user": "UAG67A6FM",
        "text": "we will start the session in 5 mins",
        "ts": "1525170718.000020"
    },
    {
        "type": "message",
        "user": "UAFNDABR7",
        "text": "Hi everyone! I am nisarg",
        "ts": "1525170762.000110"
    },
    {
        "type": "message",
        "user": "UAFM85HFD",
        "text": "Hello guys! I am Kaushik.",
        "ts": "1525170784.000178"
    },
    {
        "type": "message",
        "user": "UAFNMHGDQ",
        "text": "Hey, I am Harsh",
        "client_msg_id": "11e63bcf-e16f-4119-935b-34929ff181f7",
        "ts": "1525170818.000103"
    },
    {
        "type": "message",
        "user": "UAFP9QVRQ",
        "text": "hey everyone, I am yash",
        "ts": "1525170832.000198"
    },
    {
        "user": "UAGLWJ0BY",
        "text": "<@UAGLWJ0BY> has joined the channel",
        "type": "message",
        "subtype": "channel_join",
        "ts": "1525170972.000237"
    },
    {
        "user": "UAGKRABV4",
        "text": "<@UAGKRABV4> has joined the channel",
        "type": "message",
        "subtype": "channel_join",
        "ts": "1525170986.000106"
    },
    {
        "type": "message",
        "user": "UAGLWJ0BY",
        "text": "Hello everyone,I am kush",
        "client_msg_id": "c3d8f5d4-1311-4fb0-82e4-0bfd3664fb7e",
        "ts": "1525170990.000111"
    },
    {
        "user": "UAG22T77E",
        "text": "<@UAG22T77E> has joined the channel",
        "type": "message",
        "subtype": "channel_join",
        "ts": "1525171019.000180"
    },
    {
        "type": "message",
        "user": "UAGKRABV4",
        "text": "Hello guys i am yogesh",
        "ts": "1525171024.000229"
    },
    {
        "user": "UAF6SA6RF",
        "text": "<@UAF6SA6RF> has joined the channel",
        "type": "message",
        "subtype": "channel_join",
        "ts": "1525171046.000125"
    },
    {
        "type": "message",
        "user": "UAG22T77E",
        "text": "Hello everyone! I am Arpit.",
        "ts": "1525171072.000187"
    },
    {
        "type": "message",
        "user": "UAG67A6FM",
        "text": "Okay let's start now",
        "ts": "1525171106.000040"
    },
    {
        "user": "UAG6D2RH9",
        "text": "<@UAG6D2RH9> has joined the channel",
        "type": "message",
        "subtype": "channel_join",
        "ts": "1525171148.000092"
    },
    {
        "type": "message",
        "user": "UAG67A6FM",
        "text": "First we will discuss our plans for this project . You would have gone through the sites and seen our weekly plan .",
        "ts": "1525171169.000085"
    },
    {
        "type": "message",
        "user": "UAG67A6FM",
        "text": "After this SMP , you will be exposed to the different kinds of databases out there , hands on experience with these databases especially Mongo DB and building a client server app using mongo Fb",
        "ts": "1525171299.000071"
    },
    {
        "type": "message",
        "user": "UAG67A6FM",
        "text": "DB *",
        "ts": "1525171304.000170"
    },
    {
        "type": "message",
        "user": "UAG67A6FM",
        "text": "How many of you have used databases before ?",
        "ts": "1525171313.000205"
    },
    {
        "type": "message",
        "user": "UAFNDABR7",
        "text": "I have",
        "ts": "1525171341.000201"
    },
    {
        "type": "message",
        "user": "UAFM85HFD",
        "text": "I have used them",
        "ts": "1525171346.000198"
    },
    {
        "type": "message",
        "user": "UAG67A6FM",
        "text": "Which ones have you guys used ?",
        "ts": "1525171377.000033"
    },
    {
        "type": "message",
        "user": "UAFM85HFD",
        "text": "MySQL",
        "ts": "1525171389.000163"
    },
    {
        "type": "message",
        "user": "UAFNDABR7",
        "text": "mysql and a little mongo",
        "ts": "1525171400.000160"
    },
    {
        "type": "message",
        "user": "UAG67A6FM",
        "text": "Okay thats great !",
        "ts": "1525171406.000180"
    },
    {
        "type": "message",
        "user": "UAG67A6FM",
        "text": "So <@UAFNDABR7> and <@UAFM85HFD> Can you guys explain what a database is ?",
        "ts": "1525171428.000196"
    },
    {
        "type": "message",
        "user": "UAFNDABR7",
        "text": "Well a database is a systematic way of storing information",
        "ts": "1525171449.000056"
    },
    {
        "type": "message",
        "user": "UAFNDABR7",
        "text": "especially large set of information",
        "ts": "1525171457.000041"
    },
    {
        "type": "message",
        "user": "UAFM85HFD",
        "text": "Databases are used to store or collect data in a specific way",
        "ts": "1525171473.000155"
    },
    {
        "type": "message",
        "user": "UAFM85HFD",
        "text": "that specific way can be of any type",
        "ts": "1525171486.000189"
    },
    {
        "type": "message",
        "user": "UAG67A6FM",
        "text": "Okay right , what kind of data have you guys worked with ?",
        "ts": "1525171505.000148"
    },
    {
        "type": "message",
        "user": "UAFNDABR7",
        "text": "Mostly textual and maybe image",
        "ts": "1525171521.000155"
    },
    {
        "type": "message",
        "user": "UAFM85HFD",
        "text": "Mainly management stuff",
        "ts": "1525171529.000093"
    },
    {
        "type": "message",
        "user": "UAFM85HFD",
        "text": "such as personal info and infrastructure",
        "ts": "1525171553.000047"
    },
    {
        "type": "message",
        "user": "UAG67A6FM",
        "text": "Okay cool ,so let me try explaining this in a simple way",
        "ts": "1525171574.000162"
    },
    {
        "type": "message",
        "user": "UAG67A6FM",
        "text": "We tend to think of a database as information stored on a computer that we can access and alter. t’s a bit like a filing cabinet full of files in an office. Without procedures in place, we wouldn’t know where to put the files in order to retrieve them when we wanted them again.",
        "ts": "1525171627.000027"
    },
    {
        "type": "message",
        "user": "UAG67A6FM",
        "text": "Without the forms, each file would be a random collection of information, and even when we found it we wouldn’t be able to make sense of it, or compare it to other files easily.",
        "ts": "1525171646.000051"
    },
    {
        "type": "message",
        "user": "UAG67A6FM",
        "text": "Databases are so important in todays world that every small application uses it",
        "ts": "1525171728.000071"
    },
    {
        "type": "message",
        "user": "UAG67A6FM",
        "text": "Can you guys tell me examples of everyday database usage ?",
        "ts": "1525171761.000134"
    },
    {
        "type": "message",
        "user": "UAF6SA6RF",
        "text": "Banking",
        "client_msg_id": "a9dd22b6-0802-4ded-b444-bdf96aa121f5",
        "ts": "1525171782.000148"
    },
    {
        "type": "message",
        "user": "UAFNDABR7",
        "text": "Inventory management in shops",
        "ts": "1525171789.000013"
    },
    {
        "type": "message",
        "user": "UAFM85HFD",
        "text": "Accounts",
        "ts": "1525171801.000029"
    },
    {
        "type": "message",
        "user": "UAG22T77E",
        "text": "Phonebook",
        "ts": "1525171804.000071"
    },
    {
        "type": "message",
        "user": "UAGLWJ0BY",
        "text": "in library",
        "ts": "1525171809.000239"
    },
    {
        "type": "message",
        "user": "UAGKRABV4",
        "text": "Hotels and flight booking",
        "ts": "1525171830.000214"
    },
    {
        "type": "message",
        "user": "UAFNMHGDQ",
        "text": "Wardrobe",
        "client_msg_id": "f32ea9ca-6027-4eff-bccf-5b8d472933ad",
        "ts": "1525171854.000067"
    },
    {
        "type": "message",
        "user": "UAG6D2RH9",
        "text": "Railways",
        "ts": "1525171862.000105"
    },
    {
        "type": "message",
        "user": "UAG67A6FM",
        "text": "<@UAFNMHGDQ> What do you mean by wardbrobe ? What kind of information are you storing here ?",
        "ts": "1525171882.000118"
    },
    {
        "type": "message",
        "user": "UAFNMHGDQ",
        "text": "You just treat clothes as info and different cabinets as",
        "client_msg_id": "97a21017-7117-449d-a7f2-3c00269d31a0",
        "thread_ts": "1525171926.000198",
        "reply_count": 2,
        "replies": [
            {
                "user": "UAG67A6FM",
                "ts": "1525172012.000138"
            },
            {
                "user": "UAFNMHGDQ",
                "ts": "1525172597.000107"
            }
        ],
        "unread_count": 2,
        "ts": "1525171926.000198"
    },
    {
        "type": "message",
        "user": "UAFP9QVRQ",
        "text": "online stores",
        "ts": "1525171936.000023"
    },
    {
        "type": "message",
        "user": "UAFNMHGDQ",
        "text": "Different folders",
        "client_msg_id": "2d705b97-32e0-4c1b-90f3-b14d33243154",
        "ts": "1525171948.000073"
    },
    {
        "type": "message",
        "user": "UAG67A6FM",
        "text": "<@UAG6D2RH9> Can you tell me what kind of information do they store ? And do you think they have just one single database ?",
        "ts": "1525171951.000250"
    },
    {
        "type": "message",
        "user": "UAG67A6FM",
        "text": "How would you store the data ?",
        "thread_ts": "1525171926.000198",
        "parent_user_id": "UAFNMHGDQ",
        "ts": "1525172012.000138"
    },
    {
        "type": "message",
        "user": "UAG6D2RH9",
        "text": "They store a lot of informations...passengers details, date of boarding train, date of arrival, pnr number",
        "ts": "1525172032.000165"
    },
    {
        "type": "message",
        "user": "UAG6D2RH9",
        "text": "for data redundancy and integrity they have a single database.",
        "ts": "1525172074.000188"
    },
    {
        "type": "message",
        "user": "UAG67A6FM",
        "text": "<@UAG6D2RH9> How do you think they store passengers details and the details of train schedule on the same database ?",
        "ts": "1525172143.000222"
    },
    {
        "type": "message",
        "user": "UAG67A6FM",
        "text": "okay lets take an example here , consider a weather database",
        "ts": "1525172297.000056"
    },
    {
        "type": "message",
        "user": "UAG67A6FM",
        "text": "Predicting the weather across the globe is incredibly complex and depends on a lot of factors, all gathered, stored and analyzed within databases, ready to deliver today’s weather to your local TV station or smartphone app.",
        "ts": "1525172317.000221"
    },
    {
        "type": "message",
        "user": "UAG6D2RH9",
        "text": "No, I am sorry. They don't have single database...they have multiple databases like for storing passengers details , train details, etc. But, all of them are clubbed under one hood and that is data base management system",
        "thread_ts": "1525172326.000156",
        "reply_count": 2,
        "replies": [
            {
                "user": "UAG67A6FM",
                "ts": "1525172385.000236"
            },
            {
                "user": "UAG6D2RH9",
                "ts": "1525172558.000030"
            }
        ],
        "unread_count": 2,
        "ts": "1525172326.000156"
    },
    {
        "type": "message",
        "user": "UAG67A6FM",
        "text": "The Weather Company, for example, takes in over 20 terabytes of data per day. The company has used a number of databases to support this data, including MySQL, Microsoft SQL Server, Cassandra, and more.",
        "ts": "1525172347.000039"
    },
    {
        "user": "UAGSE2Y9M",
        "text": "<@UAGSE2Y9M> has joined the channel",
        "type": "message",
        "subtype": "channel_join",
        "ts": "1525172365.000108"
    },
    {
        "type": "message",
        "user": "UAG67A6FM",
        "text": "They can store the data using different tables in a single database . We will get to it in furthur sessions :slightly_smiling_face:",
        "thread_ts": "1525172326.000156",
        "parent_user_id": "UAG6D2RH9",
        "ts": "1525172385.000236"
    },
    {
        "type": "message",
        "user": "UAG67A6FM",
        "text": "So the data these organisations deal with are huge , worth several terabytes",
        "ts": "1525172409.000209"
    },
    {
        "type": "message",
        "user": "UAG67A6FM",
        "text": "and protection of data is very important",
        "ts": "1525172495.000248"
    },
    {
        "type": "message",
        "user": "UAG67A6FM",
        "text": "If this data is leaked then you can imagine the turmoil caused",
        "ts": "1525172523.000247"
    },
    {
        "type": "message",
        "user": "UAG67A6FM",
        "text": "Any doubts till now ?",
        "thread_ts": "1525172529.000161",
        "reply_count": 8,
        "replies": [
            {
                "user": "UAGSE2Y9M",
                "ts": "1525172555.000176"
            },
            {
                "user": "UAFNDABR7",
                "ts": "1525172568.000165"
            },
            {
                "user": "UAFM85HFD",
                "ts": "1525172580.000223"
            },
            {
                "user": "UAG6D2RH9",
                "ts": "1525172588.000216"
            },
            {
                "user": "UAFP9QVRQ",
                "ts": "1525172592.000243"
            },
            {
                "user": "UAF6SA6RF",
                "ts": "1525172597.000087"
            },
            {
                "user": "UAFNMHGDQ",
                "ts": "1525172607.000069"
            },
            {
                "user": "UAGLWJ0BY",
                "ts": "1525172623.000046"
            }
        ],
        "unread_count": 8,
        "ts": "1525172529.000161"
    },
    {
        "type": "message",
        "user": "UAGSE2Y9M",
        "text": "Nope",
        "client_msg_id": "93c622d0-5280-4f78-ae96-589ecc2c1403",
        "thread_ts": "1525172529.000161",
        "parent_user_id": "UAG67A6FM",
        "ts": "1525172555.000176"
    },
    {
        "type": "message",
        "user": "UAG6D2RH9",
        "text": "Alright.",
        "thread_ts": "1525172326.000156",
        "parent_user_id": "UAG6D2RH9",
        "ts": "1525172558.000030"
    },
    {
        "type": "message",
        "user": "UAFNDABR7",
        "text": "No",
        "thread_ts": "1525172529.000161",
        "parent_user_id": "UAG67A6FM",
        "ts": "1525172568.000165"
    },
    {
        "type": "message",
        "user": "UAFM85HFD",
        "text": "No",
        "thread_ts": "1525172529.000161",
        "parent_user_id": "UAG67A6FM",
        "ts": "1525172580.000223"
    },
    {
        "type": "message",
        "user": "UAG6D2RH9",
        "text": "nope",
        "thread_ts": "1525172529.000161",
        "parent_user_id": "UAG67A6FM",
        "ts": "1525172588.000216"
    },
    {
        "type": "message",
        "user": "UAFP9QVRQ",
        "text": "no",
        "thread_ts": "1525172529.000161",
        "parent_user_id": "UAG67A6FM",
        "ts": "1525172592.000243"
    },
    {
        "type": "message",
        "user": "UAF6SA6RF",
        "text": "No",
        "client_msg_id": "301e5a1e-0e86-4aba-bf43-d3dd474cf183",
        "thread_ts": "1525172529.000161",
        "parent_user_id": "UAG67A6FM",
        "ts": "1525172597.000087"
    },
    {
        "type": "message",
        "user": "UAFNMHGDQ",
        "text": "It was a comparison ,just like we divide and storile information ,here also we divide and store .Just like your cabinets example",
        "client_msg_id": "83a5731d-8327-49dc-8b31-4ffb6f8c94cc",
        "thread_ts": "1525171926.000198",
        "parent_user_id": "UAFNMHGDQ",
        "ts": "1525172597.000107"
    },
    {
        "type": "message",
        "user": "UAFNMHGDQ",
        "text": "Nope",
        "client_msg_id": "e2007956-545d-443f-a33d-9f2e849fe640",
        "thread_ts": "1525172529.000161",
        "parent_user_id": "UAG67A6FM",
        "ts": "1525172607.000069"
    },
    {
        "type": "message",
        "user": "UAGLWJ0BY",
        "text": "no",
        "thread_ts": "1525172529.000161",
        "parent_user_id": "UAG67A6FM",
        "ts": "1525172623.000046"
    },
    {
        "type": "message",
        "user": "UAGKRABV4",
        "text": "Do the DBMS provide security or other softwares are used for this purpose?",
        "thread_ts": "1525172625.000144",
        "reply_count": 3,
        "replies": [
            {
                "user": "UAG67A6FM",
                "ts": "1525172726.000198"
            },
            {
                "user": "UAGKRABV4",
                "ts": "1525172744.000108"
            },
            {
                "user": "UAG67A6FM",
                "ts": "1525172747.000179"
            }
        ],
        "unread_count": 3,
        "ts": "1525172625.000144"
    },
    {
        "type": "message",
        "user": "UAG67A6FM",
        "text": "Yes an ideal DBMS should protect the data",
        "thread_ts": "1525172625.000144",
        "parent_user_id": "UAGKRABV4",
        "ts": "1525172726.000198"
    },
    {
        "type": "message",
        "user": "UAGKRABV4",
        "text": "okay",
        "thread_ts": "1525172625.000144",
        "parent_user_id": "UAGKRABV4",
        "ts": "1525172744.000108"
    },
    {
        "type": "message",
        "user": "UAG67A6FM",
        "text": "A DBMS should provide a security and authorization subsystem",
        "thread_ts": "1525172625.000144",
        "parent_user_id": "UAGKRABV4",
        "ts": "1525172747.000179"
    },
    {
        "type": "message",
        "user": "UAG67A6FM",
        "text": "Okay so lets move on'",
        "ts": "1525172775.000136"
    },
    {
        "type": "message",
        "user": "UAG67A6FM",
        "text": "There are different kinds of databases , large scale and small scale databases",
        "ts": "1525172794.000167"
    },
    {
        "type": "message",
        "user": "UAG67A6FM",
        "text": "Several factors are used to make this decision",
        "ts": "1525172832.000082"
    },
    {
        "type": "message",
        "user": "UAG67A6FM",
        "text": "The choice of a database product is often influenced by factors such as:\nthe computing platform (i.e., hardware, operating system)\nthe volume of data to be managed\nthe number of transactions required per second\nexisting applications or interfaces that an organization may have\nsupport for heterogeneous and\/or distributed computing\ncost\nvendor support",
        "ts": "1525172842.000133"
    },
    {
        "type": "message",
        "user": "UAG67A6FM",
        "text": "A company wouldnt want to use a database which is highly expensive or insufficient",
        "ts": "1525172944.000171"
    },
    {
        "type": "message",
        "user": "UAG67A6FM",
        "text": "It is very important to analyze these factors before this choice is made",
        "ts": "1525172965.000084"
    },
    {
        "type": "message",
        "user": "UAG67A6FM",
        "text": "Lets move on to DBMS",
        "ts": "1525172970.000198"
    },
    {
        "type": "message",
        "user": "UAG67A6FM",
        "text": "Do you guys have any idea of what a DBMS is ?",
        "ts": "1525172987.000121"
    },
    {
        "type": "message",
        "user": "UAFNDABR7",
        "text": "I think based on the articles you sent...yes",
        "ts": "1525173049.000007"
    },
    {
        "type": "message",
        "user": "UAG67A6FM",
        "text": "<@UAFNDABR7> What did you understand from it ?",
        "ts": "1525173079.000014"
    },
    {
        "type": "message",
        "user": "UAFNDABR7",
        "text": "Its a full fleged system for managing you data. That includes storing it and retrieving it as well",
        "ts": "1525173123.000238"
    },
    {
        "type": "message",
        "user": "UAFNDABR7",
        "text": "It has features of efficiency and security",
        "ts": "1525173133.000134"
    },
    {
        "type": "message",
        "user": "UAFNDABR7",
        "text": "As well scalability",
        "ts": "1525173139.000145"
    },
    {
        "type": "message",
        "user": "UAG67A6FM",
        "text": "Correct , The database management system provides ways to organize, store, retrieve and interact with the data in the database.",
        "ts": "1525173147.000264"
    },
    {
        "type": "message",
        "user": "UAG6D2RH9",
        "text": "DBMS is a system software, that manages a different  variety of databases.",
        "ts": "1525173162.000009"
    },
    {
        "type": "message",
        "user": "UAG67A6FM",
        "text": "A DBMS consists of :-                                                                                                                 1) A modeling language, used to define the database schema, or structure. Common database structures are hierarchical, network, relational and object based. Models differ in how they connect related information. The most widely used, particularly in Web applications, is the relational database model, which we’ll cover in more detail in another article.\n2) A database engine that manages the database structure and optimizes the storage of data, whether that is fields, records, files or objects, for a balance between quick retrieval and efficient use of space.\n3 ) A database query language, such as SQL, that enables developers to write programs that extract data from the database, present it to the user, and save and store changes.\n4 ) A transaction mechanism that validates data entered against allowed types before storing it, and also ensures multiple users cannot update the same information simultaneously, potentially corrupting the data.",
        "ts": "1525173240.000010",
        "reactions": [
            {
                "name": "+1",
                "users": [
                    "UAFM85HFD",
                    "UAFP9QVRQ",
                    "UAG22T77E"
                ],
                "count": 3
            }
        ]
    },
    {
        "type": "message",
        "user": "UAG67A6FM",
        "text": "Put a :+1: if you guys are clear with this",
        "ts": "1525173297.000102",
        "reactions": [
            {
                "name": "+1",
                "users": [
                    "UAG67A6FM",
                    "UAFNMHGDQ",
                    "UAGKRABV4",
                    "UAFNDABR7",
                    "UAGSE2Y9M",
                    "UAGLWJ0BY",
                    "UAG6D2RH9",
                    "UAG22T77E"
                ],
                "count": 8
            }
        ]
    },
    {
        "type": "message",
        "user": "UAG6D2RH9",
        "text": ":+1:",
        "ts": "1525173353.000178"
    },
    {
        "type": "message",
        "user": "UAG67A6FM",
        "text": "okay so lets move on",
        "ts": "1525173363.000260"
    },
    {
        "type": "message",
        "user": "UAGSE2Y9M",
        "text": "Databases shld follow some rules right?",
        "client_msg_id": "4f18c8d5-30e6-488b-8369-ff2bd96eecba",
        "thread_ts": "1525173380.000111",
        "reply_count": 5,
        "replies": [
            {
                "user": "UAG67A6FM",
                "ts": "1525173412.000005"
            },
            {
                "user": "UAGSE2Y9M",
                "ts": "1525173461.000015"
            },
            {
                "user": "UAFNDABR7",
                "ts": "1525173493.000037"
            },
            {
                "user": "UAG67A6FM",
                "ts": "1525173495.000132"
            },
            {
                "user": "UAGSE2Y9M",
                "ts": "1525173541.000106"
            }
        ],
        "unread_count": 5,
        "ts": "1525173380.000111"
    },
    {
        "type": "message",
        "user": "UAG67A6FM",
        "text": "What Are Database Management Systems Used For?",
        "ts": "1525173380.000170"
    },
    {
        "type": "message",
        "user": "UAG67A6FM",
        "text": "Yes they should and that is descibed in a schema",
        "thread_ts": "1525173380.000111",
        "parent_user_id": "UAGSE2Y9M",
        "ts": "1525173412.000005"
    },
    {
        "type": "message",
        "user": "UAG67A6FM",
        "text": "Database management systems are used to enable developers to create a database, fill it with information and create ways to query and change that information without having to worry about the technical aspects of data storage and retrieval.",
        "ts": "1525173448.000070"
    },
    {
        "type": "message",
        "user": "UAGSE2Y9M",
        "text": "So they are governed by the dbms or it's done by the user?",
        "client_msg_id": "552d8427-c746-4391-9825-316237003385",
        "thread_ts": "1525173380.000111",
        "parent_user_id": "UAGSE2Y9M",
        "ts": "1525173461.000015"
    },
    {
        "type": "message",
        "user": "UAFNDABR7",
        "text": "Developer designs the schema",
        "thread_ts": "1525173380.000111",
        "parent_user_id": "UAGSE2Y9M",
        "ts": "1525173493.000037"
    },
    {
        "type": "message",
        "user": "UAG67A6FM",
        "text": "That is done by the user depending on what he wants to store",
        "thread_ts": "1525173380.000111",
        "parent_user_id": "UAGSE2Y9M",
        "ts": "1525173495.000132"
    },
    {
        "type": "message",
        "user": "UAGSE2Y9M",
        "text": "Ohk",
        "client_msg_id": "2ca6c952-2265-432b-a939-9f5ed9a45e19",
        "thread_ts": "1525173380.000111",
        "parent_user_id": "UAGSE2Y9M",
        "ts": "1525173541.000106"
    },
    {
        "type": "message",
        "user": "UAG67A6FM",
        "text": "What else do you think it is used for ?",
        "ts": "1525173551.000061"
    },
    {
        "type": "message",
        "user": "UAG67A6FM",
        "text": "Dont hesitate to answer guys , if you dont interact you wont learn :slightly_smiling_face:",
        "ts": "1525173582.000068"
    },
    {
        "type": "message",
        "user": "UAFP9QVRQ",
        "text": "securing the databases",
        "ts": "1525173592.000068"
    },
    {
        "type": "message",
        "user": "UAG67A6FM",
        "text": "<@UAFP9QVRQ> Yes that is right , especially when multiple users access the same data",
        "ts": "1525173645.000211"
    },
    {
        "type": "message",
        "user": "UAGSE2Y9M",
        "text": "To prevent redundant entries?",
        "client_msg_id": "6fbe00b6-8841-4076-aeb7-ccfa5548f4e6",
        "ts": "1525173660.000130"
    },
    {
        "type": "message",
        "user": "UAG67A6FM",
        "text": "Yes <@UAGSE2Y9M> to maintain the consistency of data",
        "ts": "1525173688.000221"
    },
    {
        "type": "message",
        "user": "UAGLWJ0BY",
        "text": "to  link databases for simplicity",
        "thread_ts": "1525173705.000116",
        "reply_count": 2,
        "replies": [
            {
                "user": "UAG67A6FM",
                "ts": "1525173724.000258"
            },
            {
                "user": "UAGLWJ0BY",
                "ts": "1525173806.000194"
            }
        ],
        "unread_count": 2,
        "ts": "1525173705.000116"
    },
    {
        "type": "message",
        "user": "UAG67A6FM",
        "text": "<@UAG22T77E> What do you think so ?",
        "ts": "1525173707.000172"
    },
    {
        "type": "message",
        "user": "UAG67A6FM",
        "text": "Can you elaborate ?",
        "thread_ts": "1525173705.000116",
        "parent_user_id": "UAGLWJ0BY",
        "ts": "1525173724.000258"
    },
    {
        "type": "message",
        "user": "UAGKRABV4",
        "text": "To provide backup for data?",
        "ts": "1525173725.000183"
    },
    {
        "type": "message",
        "user": "UAG22T77E",
        "text": "for datat integrity",
        "ts": "1525173733.000059"
    },
    {
        "type": "message",
        "user": "UAG22T77E",
        "text": "Data*",
        "ts": "1525173744.000034"
    },
    {
        "type": "message",
        "user": "UAFNDABR7",
        "text": "DBMS can be used to model data so that it can be analysed later",
        "ts": "1525173779.000076"
    },
    {
        "type": "message",
        "user": "UAF6SA6RF",
        "text": "Ensure error free information",
        "client_msg_id": "720200e0-03c6-47c2-bb8c-e24f143f5ede",
        "ts": "1525173780.000143"
    },
    {
        "type": "message",
        "user": "UAGLWJ0BY",
        "text": "if we want to use data from 2 databases in a single database then we can simply link them so that we don't need to enter the same datas again",
        "thread_ts": "1525173705.000116",
        "parent_user_id": "UAGLWJ0BY",
        "ts": "1525173806.000194"
    },
    {
        "type": "message",
        "user": "UAG67A6FM",
        "text": "Yes <@UAG22T77E> <@UAF6SA6RF> <@UAGKRABV4> you guys are right",
        "ts": "1525173812.000134"
    },
    {
        "type": "message",
        "user": "UAG67A6FM",
        "text": "Other reasons are :-",
        "ts": "1525173825.000184"
    },
    {
        "type": "message",
        "user": "UAG67A6FM",
        "text": "Access logs, making it easier for a database manager to see how the database is being used.",
        "ts": "1525173835.000166"
    },
    {
        "type": "message",
        "user": "UAG67A6FM",
        "text": "Formulas such as counting, averaging and summing included in the DBMS make statistical analysis and representation of the data simpler.\nPerformance monitoring and optimization tools may also be included to allow the user to tweak the database settings for speed and efficiency.",
        "ts": "1525173855.000083"
    },
    {
        "type": "message",
        "user": "UAG67A6FM",
        "text": "Lets move on . Have you guys heard of document oriented databases ?",
        "ts": "1525173947.000083"
    },
    {
        "type": "message",
        "user": "UAFNDABR7",
        "text": "A little",
        "ts": "1525173969.000213"
    },
    {
        "type": "message",
        "user": "UAFM85HFD",
        "text": "Yea",
        "ts": "1525173982.000064"
    },
    {
        "type": "message",
        "user": "UAG67A6FM",
        "text": "go ahead , explain",
        "ts": "1525173991.000199"
    },
    {
        "type": "message",
        "user": "UAFNDABR7",
        "text": "It is a way of modeling data in the database. More like storing data in form of documents rather than tables",
        "ts": "1525174022.000029"
    },
    {
        "type": "message",
        "user": "UAFNDABR7",
        "text": "More useful for unstructured data",
        "ts": "1525174038.000080"
    },
    {
        "type": "message",
        "user": "UAFM85HFD",
        "text": "These databases are used to work on data that are present in documents",
        "ts": "1525174039.000141"
    },
    {
        "type": "message",
        "user": "UAFM85HFD",
        "text": "Unlike the tables that we use in most of the dbms",
        "ts": "1525174055.000013"
    },
    {
        "type": "message",
        "user": "UAFNDABR7",
        "text": "I think mongo is document oriented",
        "ts": "1525174060.000088"
    },
    {
        "type": "message",
        "user": "UAG67A6FM",
        "text": "Exactly !",
        "ts": "1525174094.000178"
    },
    {
        "type": "message",
        "user": "UAG67A6FM",
        "text": "Document-oriented database contains documents , which are records that describe the data in the document, as well as the actual data. Documents can be as complex as you choose; you can use nested data to provide additional sub-categories of information about your object. You can also use one or more document to represent a real-world object.",
        "ts": "1525174119.000143"
    },
    {
        "type": "message",
        "user": "UAG67A6FM",
        "text": "How is this different from a relational database ?",
        "edited": {
            "user": "UAG67A6FM",
            "ts": "1525174167.000000"
        },
        "ts": "1525174144.000105"
    },
    {
        "type": "message",
        "user": "UAFNDABR7",
        "text": "Relational databases try to give a rigid structure for storing data, but document store allows more flexible structure in data",
        "ts": "1525174198.000069"
    },
    {
        "type": "message",
        "user": "UAFM85HFD",
        "text": "In relational database systems the data is stored in various tables and these tables are related by some common attribute",
        "ts": "1525174223.000148"
    },
    {
        "type": "message",
        "user": "UAFP9QVRQ",
        "text": "there shouldn't necessarily be a relation between the stored data",
        "thread_ts": "1525174251.000074",
        "reply_count": 1,
        "replies": [
            {
                "user": "UAG67A6FM",
                "ts": "1525174369.000239"
            }
        ],
        "unread_count": 1,
        "ts": "1525174251.000074"
    },
    {
        "type": "message",
        "user": "UAG67A6FM",
        "text": "Yes , In a relational database system you must define a schema before adding records to a database. The schema is the structure described in a formal language supported by the database and provides a blueprint for the tables in a database and the relationships between tables of data. Within a table, you need to define constraints in terms of rows and named columns as well as the type of data that can be stored in each column.",
        "ts": "1525174270.000029"
    },
    {
        "type": "message",
        "user": "UAG67A6FM",
        "text": "That depends on the kind of data you have",
        "thread_ts": "1525174251.000074",
        "parent_user_id": "UAFP9QVRQ",
        "ts": "1525174369.000239"
    },
    {
        "type": "message",
        "user": "UAGKRABV4",
        "text": "Is schema being referred to tables?",
        "thread_ts": "1525174403.000201",
        "reply_count": 3,
        "replies": [
            {
                "user": "UAG67A6FM",
                "ts": "1525174444.000021"
            },
            {
                "user": "UAFNDABR7",
                "ts": "1525174463.000114"
            },
            {
                "user": "UAG6D2RH9",
                "ts": "1525174551.000133"
            }
        ],
        "unread_count": 3,
        "ts": "1525174403.000201"
    },
    {
        "type": "message",
        "subtype": "file_share",
        "text": "<@UAG67A6FM> uploaded a file: <https:\/\/databasesmp.slack.com\/files\/UAG67A6FM\/FAGE2CECD\/image.png|Document oriented vs RDBMS>",
        "file": {
            "id": "FAGE2CECD",
            "created": 1525174420,
            "timestamp": 1525174420,
            "name": "image.png",
            "title": "Document oriented vs RDBMS",
            "mimetype": "image\/png",
            "filetype": "png",
            "pretty_type": "PNG",
            "user": "UAG67A6FM",
            "editable": false,
            "size": 75195,
            "mode": "hosted",
            "is_external": false,
            "external_type": "",
            "is_public": true,
            "public_url_shared": false,
            "display_as_bot": false,
            "username": "",
            "url_private": "https:\/\/files.slack.com\/files-pri\/TA8NCFFJN-FAGE2CECD\/image.png?t=xoxe-348760525634-357711614021-357346762948-43212c5c9ce0686aed8930411037a542",
            "url_private_download": "https:\/\/files.slack.com\/files-pri\/TA8NCFFJN-FAGE2CECD\/download\/image.png?t=xoxe-348760525634-357711614021-357346762948-43212c5c9ce0686aed8930411037a542",
            "thumb_64": "https:\/\/files.slack.com\/files-tmb\/TA8NCFFJN-FAGE2CECD-4890061409\/image_64.png?t=xoxe-348760525634-357711614021-357346762948-43212c5c9ce0686aed8930411037a542",
            "thumb_80": "https:\/\/files.slack.com\/files-tmb\/TA8NCFFJN-FAGE2CECD-4890061409\/image_80.png?t=xoxe-348760525634-357711614021-357346762948-43212c5c9ce0686aed8930411037a542",
            "thumb_360": "https:\/\/files.slack.com\/files-tmb\/TA8NCFFJN-FAGE2CECD-4890061409\/image_360.png?t=xoxe-348760525634-357711614021-357346762948-43212c5c9ce0686aed8930411037a542",
            "thumb_360_w": 360,
            "thumb_360_h": 176,
            "thumb_480": "https:\/\/files.slack.com\/files-tmb\/TA8NCFFJN-FAGE2CECD-4890061409\/image_480.png?t=xoxe-348760525634-357711614021-357346762948-43212c5c9ce0686aed8930411037a542",
            "thumb_480_w": 480,
            "thumb_480_h": 234,
            "thumb_160": "https:\/\/files.slack.com\/files-tmb\/TA8NCFFJN-FAGE2CECD-4890061409\/image_160.png?t=xoxe-348760525634-357711614021-357346762948-43212c5c9ce0686aed8930411037a542",
            "image_exif_rotation": 1,
            "original_w": 690,
            "original_h": 337,
            "permalink": "https:\/\/databasesmp.slack.com\/files\/UAG67A6FM\/FAGE2CECD\/image.png",
            "permalink_public": "https:\/\/slack-files.com\/TA8NCFFJN-FAGE2CECD-52c173b969",
            "channels": [],
            "groups": [],
            "ims": [],
            "comments_count": 0
        },
        "user": "UAG67A6FM",
        "upload": true,
        "display_as_bot": false,
        "username": "anumehaagrawal29",
        "bot_id": null,
        "ts": "1525174422.000074"
    },
    {
        "type": "message",
        "user": "UAG67A6FM",
        "text": "Nope  its a blueprint for the tables",
        "thread_ts": "1525174403.000201",
        "parent_user_id": "UAGKRABV4",
        "ts": "1525174444.000021"
    },
    {
        "type": "message",
        "user": "UAG67A6FM",
        "text": "Look at this image",
        "ts": "1525174453.000186"
    },
    {
        "type": "message",
        "user": "UAFNDABR7",
        "text": "Its like a blueprint of the entire database. includes tables and relationships between them",
        "thread_ts": "1525174403.000201",
        "parent_user_id": "UAGKRABV4",
        "ts": "1525174463.000114"
    },
    {
        "type": "message",
        "user": "UAG67A6FM",
        "text": "In this example we have a table that represents beers and their respective attributes: id, beer name, brewer, bottles available and so forth.",
        "ts": "1525174472.000052"
    },
    {
        "type": "message",
        "user": "UAG67A6FM",
        "text": "As we see in this illustration, the relational model conforms to a schema with a specified number of fields which represent a specific purpose and data type. The equivalent document-based model has an individual document per beer; each document contains the same types of information for a specific beer.",
        "ts": "1525174493.000044"
    },
    {
        "type": "message",
        "user": "UAG67A6FM",
        "text": "Any doubts ?",
        "thread_ts": "1525174502.000278",
        "reply_count": 9,
        "replies": [
            {
                "user": "UAFP9QVRQ",
                "ts": "1525174523.000095"
            },
            {
                "user": "UAFNDABR7",
                "ts": "1525174531.000189"
            },
            {
                "user": "UAFM85HFD",
                "ts": "1525174533.000139"
            },
            {
                "user": "UAGLWJ0BY",
                "ts": "1525174540.000058"
            },
            {
                "user": "UAF6SA6RF",
                "ts": "1525174556.000106"
            },
            {
                "user": "UAGKRABV4",
                "ts": "1525174573.000008"
            },
            {
                "user": "UAG6D2RH9",
                "ts": "1525174577.000110"
            },
            {
                "user": "UAG22T77E",
                "ts": "1525174601.000216"
            },
            {
                "user": "UAGSE2Y9M",
                "ts": "1525174974.000074"
            }
        ],
        "unread_count": 9,
        "ts": "1525174502.000278"
    },
    {
        "type": "message",
        "user": "UAFP9QVRQ",
        "text": "no",
        "thread_ts": "1525174502.000278",
        "parent_user_id": "UAG67A6FM",
        "ts": "1525174523.000095"
    },
    {
        "type": "message",
        "user": "UAFNDABR7",
        "text": "nope",
        "thread_ts": "1525174502.000278",
        "parent_user_id": "UAG67A6FM",
        "ts": "1525174531.000189"
    },
    {
        "type": "message",
        "user": "UAFM85HFD",
        "text": "No",
        "thread_ts": "1525174502.000278",
        "parent_user_id": "UAG67A6FM",
        "ts": "1525174533.000139"
    },
    {
        "type": "message",
        "user": "UAGLWJ0BY",
        "text": "no",
        "thread_ts": "1525174502.000278",
        "parent_user_id": "UAG67A6FM",
        "ts": "1525174540.000058"
    },
    {
        "type": "message",
        "user": "UAG6D2RH9",
        "text": "schema also refers to the type of data that particular column is going to store ,whether integer, character, etc",
        "thread_ts": "1525174403.000201",
        "parent_user_id": "UAGKRABV4",
        "ts": "1525174551.000133"
    },
    {
        "type": "message",
        "user": "UAF6SA6RF",
        "text": "No",
        "client_msg_id": "ca76d6ea-b431-4628-a869-464fcb146cdf",
        "thread_ts": "1525174502.000278",
        "parent_user_id": "UAG67A6FM",
        "ts": "1525174556.000106"
    },
    {
        "type": "message",
        "user": "UAGKRABV4",
        "text": "no",
        "thread_ts": "1525174502.000278",
        "parent_user_id": "UAG67A6FM",
        "ts": "1525174573.000008"
    },
    {
        "type": "message",
        "user": "UAG67A6FM",
        "text": "Okay so thats all for today",
        "ts": "1525174575.000052"
    },
    {
        "type": "message",
        "user": "UAG6D2RH9",
        "text": "no",
        "thread_ts": "1525174502.000278",
        "parent_user_id": "UAG67A6FM",
        "ts": "1525174577.000110"
    },
    {
        "type": "message",
        "user": "UAG22T77E",
        "text": "No\n",
        "attachments": [
            {
                "fallback": "[May 1st, 2018 4:35 AM] anumehaagrawal29: Any doubts ?",
                "ts": "1525174502.000278",
                "author_id": "UAG67A6FM",
                "author_subname": "Anumeha Agrawal",
                "channel_id": "CAERP9LKS",
                "channel_name": "sessions",
                "is_msg_unfurl": true,
                "is_thread_root_unfurl": true,
                "text": "Any doubts ?",
                "author_name": "Anumeha Agrawal",
                "author_link": "https:\/\/databasesmp.slack.com\/team\/UAG67A6FM",
                "author_icon": "https:\/\/secure.gravatar.com\/avatar\/8ca067b3c05eb5b9a08796524baeaba5.jpg?s=48&d=https%3A%2F%2Fa.slack-edge.com%2F66f9%2Fimg%2Favatars%2Fava_0013-48.png",
                "mrkdwn_in": [
                    "text"
                ],
                "color": "D0D0D0",
                "from_url": "https:\/\/databasesmp.slack.com\/archives\/CAERP9LKS\/p1525174502000278?thread_ts=1525174502000278&cid=CAERP9LKS",
                "is_share": true,
                "footer": "Thread in #sessions"
            }
        ],
        "ts": "1525174600.000008"
    },
    {
        "type": "message",
        "user": "UAG22T77E",
        "text": "No",
        "thread_ts": "1525174502.000278",
        "parent_user_id": "UAG67A6FM",
        "ts": "1525174601.000216"
    },
    {
        "type": "message",
        "user": "UAG67A6FM",
        "text": "Go through today's content and we will be sending out reading materials for next session",
        "ts": "1525174634.000055"
    },
    {
        "type": "message",
        "user": "UAG67A6FM",
        "text": "Thank you and have a great day !",
        "ts": "1525174647.000226"
    },
    {
        "type": "message",
        "user": "UAF6SA6RF",
        "text": "Any assignment??",
        "client_msg_id": "07334c15-e596-45eb-8b3e-75233ae17be6",
        "ts": "1525174656.000244"
    },
    {
        "type": "message",
        "user": "UAG67A6FM",
        "text": "<@UAF6SA6RF> Nothing for today",
        "thread_ts": "1525174671.000200",
        "reply_count": 1,
        "replies": [
            {
                "user": "UAF6SA6RF",
                "ts": "1525174680.000187"
            }
        ],
        "unread_count": 1,
        "ts": "1525174671.000200"
    },
    {
        "type": "message",
        "user": "UAG67A6FM",
        "text": "next session you will get one",
        "ts": "1525174680.000086"
    },
    {
        "type": "message",
        "user": "UAF6SA6RF",
        "text": "Ok",
        "client_msg_id": "55131f50-d04f-4b32-8056-ae11e8659bab",
        "thread_ts": "1525174671.000200",
        "parent_user_id": "UAG67A6FM",
        "ts": "1525174680.000187"
    },
    {
        "type": "message",
        "user": "UAGSE2Y9M",
        "text": "No",
        "client_msg_id": "79008090-823f-436b-a09b-dbc7fb4d1264",
        "thread_ts": "1525174502.000278",
        "parent_user_id": "UAG67A6FM",
        "ts": "1525174974.000074"
    },
    {
        "user": "UAH0M6B71",
        "text": "<@UAH0M6B71> has joined the channel",
        "type": "message",
        "subtype": "channel_join",
        "ts": "1525179848.000239"
    },
    {
        "user": "UA8NCFFQA",
        "text": "<@UA8NCFFQA> has joined the channel",
        "type": "message",
        "subtype": "channel_join",
        "ts": "1525184725.000531"
    },
    {
        "user": "UAGKJHXTQ",
        "text": "<@UAGKJHXTQ> has joined the channel",
        "type": "message",
        "subtype": "channel_join",
        "ts": "1525244108.000301"
    }
]