[
    {
        "id": "CAGJ87MM5",
        "name": "doubts",
        "created": "1525070679",
        "creator": "UA86F1DFT",
        "is_archived": false,
        "is_general": false,
        "members": [
            "UA86F1DFT",
            "UAF6SA6RF",
            "UAFM85HFD",
            "UAFP9QVRQ",
            "UAGKJHXTQ",
            "UAGSE2Y9M",
            "UAH0M6B71"
        ],
        "topic": {
            "value": "",
            "creator": "",
            "last_set": "0"
        },
        "purpose": {
            "value": "This channel is for doubts. You can both raise and answer doubts. Mentors are available to answer doubts as well.",
            "creator": "UA86F1DFT",
            "last_set": "1525070679"
        }
    },
    {
        "id": "CA9K8GUSJ",
        "name": "general",
        "created": "1524035738",
        "creator": "UA8NCFFQA",
        "is_archived": false,
        "is_general": true,
        "members": [
            "UA86F1DFT",
            "UA8NCFFQA",
            "UAF6SA6RF",
            "UAFGN6JHJ",
            "UAFM85HFD",
            "UAFNDABR7",
            "UAFNLK43D",
            "UAFNMHGDQ",
            "UAFP8H459",
            "UAFP9QVRQ",
            "UAG22T77E",
            "UAG2SJL8L",
            "UAG67A6FM",
            "UAG6D2RH9",
            "UAG6KPHSP",
            "UAGCQFB37",
            "UAGKJHXTQ",
            "UAGKRABV4",
            "UAGLWJ0BY",
            "UAGSE2Y9M",
            "UAH0M6B71"
        ],
        "pins": [
            {
                "id": "1525168053.000124",
                "type": "C",
                "user": "UAG6KPHSP",
                "owner": "UAG67A6FM",
                "created": 1525170900
            }
        ],
        "topic": {
            "value": "",
            "creator": "UA86F1DFT",
            "last_set": "1525070599"
        },
        "purpose": {
            "value": "This channel is for announcements. Look out for new assignments or homeworks and session announcements.",
            "creator": "UA86F1DFT",
            "last_set": "1525070599"
        }
    },
    {
        "id": "CA86BC53K",
        "name": "random",
        "created": "1524035738",
        "creator": "UA8NCFFQA",
        "is_archived": true,
        "is_general": false,
        "members": [],
        "topic": {
            "value": "Non-work banter and water cooler conversation",
            "creator": "UA8NCFFQA",
            "last_set": "1524035738"
        },
        "purpose": {
            "value": "A place for non-work-related flimflam, faffing, hodge-podge or jibber-jabber you'd prefer to keep out of more focused work-related channels.",
            "creator": "UA8NCFFQA",
            "last_set": "1524035738"
        }
    },
    {
        "id": "CAERP9LKS",
        "name": "sessions",
        "created": "1525070500",
        "creator": "UA86F1DFT",
        "is_archived": false,
        "is_general": false,
        "members": [
            "UA86F1DFT",
            "UA8NCFFQA",
            "UAF6SA6RF",
            "UAFM85HFD",
            "UAFNDABR7",
            "UAFNMHGDQ",
            "UAFP8H459",
            "UAFP9QVRQ",
            "UAG22T77E",
            "UAG2SJL8L",
            "UAG67A6FM",
            "UAG6D2RH9",
            "UAG6KPHSP",
            "UAGKJHXTQ",
            "UAGKRABV4",
            "UAGLWJ0BY",
            "UAGSE2Y9M",
            "UAH0M6B71"
        ],
        "topic": {
            "value": "Introduction to databases #1",
            "creator": "UAG67A6FM",
            "last_set": "1525168125"
        },
        "purpose": {
            "value": "Conduct sessions",
            "creator": "UAG67A6FM",
            "last_set": "1525168108"
        }
    }
]