[
    {
        "id": "UAGKJHXTQ",
        "team_id": "TA8NCFFJN",
        "name": "a3sajs",
        "deleted": false,
        "color": "3c989f",
        "real_name": "Ashwin Joisa",
        "tz": "Asia\/Kolkata",
        "tz_label": "India Standard Time",
        "tz_offset": 19800,
        "profile": {
            "title": "",
            "phone": "",
            "skype": "",
            "real_name": "Ashwin Joisa",
            "real_name_normalized": "Ashwin Joisa",
            "display_name": "Ashwin Joisa",
            "display_name_normalized": "Ashwin Joisa",
            "fields": null,
            "status_text": "",
            "status_emoji": "",
            "status_expiration": 0,
            "avatar_hash": "gdda8238eb92",
            "image_24": "https:\/\/secure.gravatar.com\/avatar\/dda8238eb92a2026d7468e7a879d5607.jpg?s=24&d=https%3A%2F%2Fa.slack-edge.com%2F66f9%2Fimg%2Favatars%2Fava_0012-24.png",
            "image_32": "https:\/\/secure.gravatar.com\/avatar\/dda8238eb92a2026d7468e7a879d5607.jpg?s=32&d=https%3A%2F%2Fa.slack-edge.com%2F66f9%2Fimg%2Favatars%2Fava_0012-32.png",
            "image_48": "https:\/\/secure.gravatar.com\/avatar\/dda8238eb92a2026d7468e7a879d5607.jpg?s=48&d=https%3A%2F%2Fa.slack-edge.com%2F66f9%2Fimg%2Favatars%2Fava_0012-48.png",
            "image_72": "https:\/\/secure.gravatar.com\/avatar\/dda8238eb92a2026d7468e7a879d5607.jpg?s=72&d=https%3A%2F%2Fa.slack-edge.com%2F66f9%2Fimg%2Favatars%2Fava_0012-72.png",
            "image_192": "https:\/\/secure.gravatar.com\/avatar\/dda8238eb92a2026d7468e7a879d5607.jpg?s=192&d=https%3A%2F%2Fa.slack-edge.com%2F7fa9%2Fimg%2Favatars%2Fava_0012-192.png",
            "image_512": "https:\/\/secure.gravatar.com\/avatar\/dda8238eb92a2026d7468e7a879d5607.jpg?s=512&d=https%3A%2F%2Fa.slack-edge.com%2F7fa9%2Fimg%2Favatars%2Fava_0012-512.png",
            "team": "TA8NCFFJN"
        },
        "is_admin": false,
        "is_owner": false,
        "is_primary_owner": false,
        "is_restricted": false,
        "is_ultra_restricted": false,
        "is_bot": false,
        "updated": 1525096303,
        "is_app_user": false
    },
    {
        "id": "UAG6KPHSP",
        "team_id": "TA8NCFFJN",
        "name": "ambareesh.prakash",
        "deleted": false,
        "color": "53b759",
        "real_name": "Ambareesh Prakash",
        "tz": "Asia\/Kolkata",
        "tz_label": "India Standard Time",
        "tz_offset": 19800,
        "profile": {
            "title": "",
            "phone": "",
            "skype": "",
            "real_name": "Ambareesh Prakash",
            "real_name_normalized": "Ambareesh Prakash",
            "display_name": "A",
            "display_name_normalized": "A",
            "fields": null,
            "status_text": "",
            "status_emoji": "",
            "status_expiration": 0,
            "avatar_hash": "g650d4a41a75",
            "image_24": "https:\/\/secure.gravatar.com\/avatar\/650d4a41a751f4b281c483011e9aa363.jpg?s=24&d=https%3A%2F%2Fa.slack-edge.com%2F66f9%2Fimg%2Favatars%2Fava_0005-24.png",
            "image_32": "https:\/\/secure.gravatar.com\/avatar\/650d4a41a751f4b281c483011e9aa363.jpg?s=32&d=https%3A%2F%2Fa.slack-edge.com%2F66f9%2Fimg%2Favatars%2Fava_0005-32.png",
            "image_48": "https:\/\/secure.gravatar.com\/avatar\/650d4a41a751f4b281c483011e9aa363.jpg?s=48&d=https%3A%2F%2Fa.slack-edge.com%2F66f9%2Fimg%2Favatars%2Fava_0005-48.png",
            "image_72": "https:\/\/secure.gravatar.com\/avatar\/650d4a41a751f4b281c483011e9aa363.jpg?s=72&d=https%3A%2F%2Fa.slack-edge.com%2F66f9%2Fimg%2Favatars%2Fava_0005-72.png",
            "image_192": "https:\/\/secure.gravatar.com\/avatar\/650d4a41a751f4b281c483011e9aa363.jpg?s=192&d=https%3A%2F%2Fa.slack-edge.com%2F7fa9%2Fimg%2Favatars%2Fava_0005-192.png",
            "image_512": "https:\/\/secure.gravatar.com\/avatar\/650d4a41a751f4b281c483011e9aa363.jpg?s=512&d=https%3A%2F%2Fa.slack-edge.com%2F7fa9%2Fimg%2Favatars%2Fava_0005-512.png",
            "team": "TA8NCFFJN"
        },
        "is_admin": false,
        "is_owner": false,
        "is_primary_owner": false,
        "is_restricted": false,
        "is_ultra_restricted": false,
        "is_bot": false,
        "updated": 1525170581,
        "is_app_user": false
    },
    {
        "id": "UAG67A6FM",
        "team_id": "TA8NCFFJN",
        "name": "anumehaagrawal29",
        "deleted": false,
        "color": "db3150",
        "real_name": "Anumeha Agrawal",
        "tz": "Asia\/Kolkata",
        "tz_label": "India Standard Time",
        "tz_offset": 19800,
        "profile": {
            "title": "",
            "phone": "",
            "skype": "",
            "real_name": "Anumeha Agrawal",
            "real_name_normalized": "Anumeha Agrawal",
            "display_name": "anumehaagrawal",
            "display_name_normalized": "anumehaagrawal",
            "fields": null,
            "status_text": "",
            "status_emoji": "",
            "status_expiration": 0,
            "avatar_hash": "g8ca067b3c05",
            "image_24": "https:\/\/secure.gravatar.com\/avatar\/8ca067b3c05eb5b9a08796524baeaba5.jpg?s=24&d=https%3A%2F%2Fa.slack-edge.com%2F66f9%2Fimg%2Favatars%2Fava_0013-24.png",
            "image_32": "https:\/\/secure.gravatar.com\/avatar\/8ca067b3c05eb5b9a08796524baeaba5.jpg?s=32&d=https%3A%2F%2Fa.slack-edge.com%2F0180%2Fimg%2Favatars%2Fava_0013-32.png",
            "image_48": "https:\/\/secure.gravatar.com\/avatar\/8ca067b3c05eb5b9a08796524baeaba5.jpg?s=48&d=https%3A%2F%2Fa.slack-edge.com%2F66f9%2Fimg%2Favatars%2Fava_0013-48.png",
            "image_72": "https:\/\/secure.gravatar.com\/avatar\/8ca067b3c05eb5b9a08796524baeaba5.jpg?s=72&d=https%3A%2F%2Fa.slack-edge.com%2F66f9%2Fimg%2Favatars%2Fava_0013-72.png",
            "image_192": "https:\/\/secure.gravatar.com\/avatar\/8ca067b3c05eb5b9a08796524baeaba5.jpg?s=192&d=https%3A%2F%2Fa.slack-edge.com%2F7fa9%2Fimg%2Favatars%2Fava_0013-192.png",
            "image_512": "https:\/\/secure.gravatar.com\/avatar\/8ca067b3c05eb5b9a08796524baeaba5.jpg?s=512&d=https%3A%2F%2Fa.slack-edge.com%2F7fa9%2Fimg%2Favatars%2Fava_0013-512.png",
            "team": "TA8NCFFJN"
        },
        "is_admin": true,
        "is_owner": true,
        "is_primary_owner": false,
        "is_restricted": false,
        "is_ultra_restricted": false,
        "is_bot": false,
        "updated": 1525330874,
        "is_app_user": false
    },
    {
        "id": "UAG22T77E",
        "team_id": "TA8NCFFJN",
        "name": "arpitjadiya",
        "deleted": false,
        "color": "bb86b7",
        "real_name": "Arpit Jadiya",
        "tz": "America\/Los_Angeles",
        "tz_label": "Pacific Daylight Time",
        "tz_offset": -25200,
        "profile": {
            "title": "",
            "phone": "",
            "skype": "",
            "real_name": "Arpit Jadiya",
            "real_name_normalized": "Arpit Jadiya",
            "display_name": "",
            "display_name_normalized": "",
            "fields": null,
            "status_text": "",
            "status_emoji": "",
            "status_expiration": 0,
            "avatar_hash": "gb41932fcd7c",
            "image_24": "https:\/\/secure.gravatar.com\/avatar\/b41932fcd7caa49bae6e8fc18eb7b9f8.jpg?s=24&d=https%3A%2F%2Fa.slack-edge.com%2F66f9%2Fimg%2Favatars%2Fava_0016-24.png",
            "image_32": "https:\/\/secure.gravatar.com\/avatar\/b41932fcd7caa49bae6e8fc18eb7b9f8.jpg?s=32&d=https%3A%2F%2Fa.slack-edge.com%2F66f9%2Fimg%2Favatars%2Fava_0016-32.png",
            "image_48": "https:\/\/secure.gravatar.com\/avatar\/b41932fcd7caa49bae6e8fc18eb7b9f8.jpg?s=48&d=https%3A%2F%2Fa.slack-edge.com%2F66f9%2Fimg%2Favatars%2Fava_0016-48.png",
            "image_72": "https:\/\/secure.gravatar.com\/avatar\/b41932fcd7caa49bae6e8fc18eb7b9f8.jpg?s=72&d=https%3A%2F%2Fa.slack-edge.com%2F66f9%2Fimg%2Favatars%2Fava_0016-72.png",
            "image_192": "https:\/\/secure.gravatar.com\/avatar\/b41932fcd7caa49bae6e8fc18eb7b9f8.jpg?s=192&d=https%3A%2F%2Fa.slack-edge.com%2F7fa9%2Fimg%2Favatars%2Fava_0016-192.png",
            "image_512": "https:\/\/secure.gravatar.com\/avatar\/b41932fcd7caa49bae6e8fc18eb7b9f8.jpg?s=512&d=https%3A%2F%2Fa.slack-edge.com%2F7fa9%2Fimg%2Favatars%2Fava_0016-512.png",
            "team": "TA8NCFFJN"
        },
        "is_admin": false,
        "is_owner": false,
        "is_primary_owner": false,
        "is_restricted": false,
        "is_ultra_restricted": false,
        "is_bot": false,
        "updated": 1525165413,
        "is_app_user": false
    },
    {
        "id": "UAH0M6B71",
        "team_id": "TA8NCFFJN",
        "name": "awadjikar",
        "deleted": false,
        "color": "9b3b45",
        "real_name": "Abha Wadjikar",
        "tz": "Asia\/Kolkata",
        "tz_label": "India Standard Time",
        "tz_offset": 19800,
        "profile": {
            "title": "",
            "phone": "",
            "skype": "",
            "real_name": "Abha Wadjikar",
            "real_name_normalized": "Abha Wadjikar",
            "display_name": "Abha",
            "display_name_normalized": "Abha",
            "fields": null,
            "status_text": "",
            "status_emoji": "",
            "status_expiration": 0,
            "avatar_hash": "g3db290b0379",
            "image_24": "https:\/\/secure.gravatar.com\/avatar\/3db290b037923e1141162976bececfef.jpg?s=24&d=https%3A%2F%2Fa.slack-edge.com%2F66f9%2Fimg%2Favatars%2Fava_0022-24.png",
            "image_32": "https:\/\/secure.gravatar.com\/avatar\/3db290b037923e1141162976bececfef.jpg?s=32&d=https%3A%2F%2Fa.slack-edge.com%2F66f9%2Fimg%2Favatars%2Fava_0022-32.png",
            "image_48": "https:\/\/secure.gravatar.com\/avatar\/3db290b037923e1141162976bececfef.jpg?s=48&d=https%3A%2F%2Fa.slack-edge.com%2F66f9%2Fimg%2Favatars%2Fava_0022-48.png",
            "image_72": "https:\/\/secure.gravatar.com\/avatar\/3db290b037923e1141162976bececfef.jpg?s=72&d=https%3A%2F%2Fa.slack-edge.com%2F66f9%2Fimg%2Favatars%2Fava_0022-72.png",
            "image_192": "https:\/\/secure.gravatar.com\/avatar\/3db290b037923e1141162976bececfef.jpg?s=192&d=https%3A%2F%2Fa.slack-edge.com%2F7fa9%2Fimg%2Favatars%2Fava_0022-192.png",
            "image_512": "https:\/\/secure.gravatar.com\/avatar\/3db290b037923e1141162976bececfef.jpg?s=512&d=https%3A%2F%2Fa.slack-edge.com%2F7fa9%2Fimg%2Favatars%2Fava_0022-512.png",
            "team": "TA8NCFFJN"
        },
        "is_admin": false,
        "is_owner": false,
        "is_primary_owner": false,
        "is_restricted": false,
        "is_ultra_restricted": false,
        "is_bot": false,
        "updated": 1525111091,
        "is_app_user": false
    },
    {
        "id": "UAF6SA6RF",
        "team_id": "TA8NCFFJN",
        "name": "gakshay1210",
        "deleted": false,
        "color": "674b1b",
        "real_name": "Akshay Gupta",
        "tz": "America\/Los_Angeles",
        "tz_label": "Pacific Daylight Time",
        "tz_offset": -25200,
        "profile": {
            "title": "",
            "phone": "",
            "skype": "",
            "real_name": "Akshay Gupta",
            "real_name_normalized": "Akshay Gupta",
            "display_name": "",
            "display_name_normalized": "",
            "fields": null,
            "status_text": "",
            "status_emoji": "",
            "status_expiration": 0,
            "avatar_hash": "g2a703180e50",
            "image_24": "https:\/\/secure.gravatar.com\/avatar\/2a703180e50600c1c395c43cab2c4e88.jpg?s=24&d=https%3A%2F%2Fa.slack-edge.com%2F66f9%2Fimg%2Favatars%2Fava_0023-24.png",
            "image_32": "https:\/\/secure.gravatar.com\/avatar\/2a703180e50600c1c395c43cab2c4e88.jpg?s=32&d=https%3A%2F%2Fa.slack-edge.com%2F66f9%2Fimg%2Favatars%2Fava_0023-32.png",
            "image_48": "https:\/\/secure.gravatar.com\/avatar\/2a703180e50600c1c395c43cab2c4e88.jpg?s=48&d=https%3A%2F%2Fa.slack-edge.com%2F66f9%2Fimg%2Favatars%2Fava_0023-48.png",
            "image_72": "https:\/\/secure.gravatar.com\/avatar\/2a703180e50600c1c395c43cab2c4e88.jpg?s=72&d=https%3A%2F%2Fa.slack-edge.com%2F3654%2Fimg%2Favatars%2Fava_0023-72.png",
            "image_192": "https:\/\/secure.gravatar.com\/avatar\/2a703180e50600c1c395c43cab2c4e88.jpg?s=192&d=https%3A%2F%2Fa.slack-edge.com%2F7fa9%2Fimg%2Favatars%2Fava_0023-192.png",
            "image_512": "https:\/\/secure.gravatar.com\/avatar\/2a703180e50600c1c395c43cab2c4e88.jpg?s=512&d=https%3A%2F%2Fa.slack-edge.com%2F7fa9%2Fimg%2Favatars%2Fava_0023-512.png",
            "team": "TA8NCFFJN"
        },
        "is_admin": false,
        "is_owner": false,
        "is_primary_owner": false,
        "is_restricted": false,
        "is_ultra_restricted": false,
        "is_bot": false,
        "updated": 1525096685,
        "is_app_user": false
    },
    {
        "id": "UA8NCFFQA",
        "team_id": "TA8NCFFJN",
        "name": "gurupungavn",
        "deleted": false,
        "color": "9f69e7",
        "real_name": "Gurupungav Narayanan",
        "tz": "Asia\/Kolkata",
        "tz_label": "India Standard Time",
        "tz_offset": 19800,
        "profile": {
            "title": "",
            "phone": "",
            "skype": "",
            "real_name": "Gurupungav Narayanan",
            "real_name_normalized": "Gurupungav Narayanan",
            "display_name": "gurupunskill",
            "display_name_normalized": "gurupunskill",
            "fields": null,
            "status_text": "",
            "status_emoji": "",
            "status_expiration": 0,
            "avatar_hash": "ge47a88c8e42",
            "image_24": "https:\/\/secure.gravatar.com\/avatar\/e47a88c8e4226d2256ee6d93ecc79c15.jpg?s=24&d=https%3A%2F%2Fa.slack-edge.com%2F66f9%2Fimg%2Favatars%2Fava_0001-24.png",
            "image_32": "https:\/\/secure.gravatar.com\/avatar\/e47a88c8e4226d2256ee6d93ecc79c15.jpg?s=32&d=https%3A%2F%2Fa.slack-edge.com%2F66f9%2Fimg%2Favatars%2Fava_0001-32.png",
            "image_48": "https:\/\/secure.gravatar.com\/avatar\/e47a88c8e4226d2256ee6d93ecc79c15.jpg?s=48&d=https%3A%2F%2Fa.slack-edge.com%2F0180%2Fimg%2Favatars%2Fava_0001-48.png",
            "image_72": "https:\/\/secure.gravatar.com\/avatar\/e47a88c8e4226d2256ee6d93ecc79c15.jpg?s=72&d=https%3A%2F%2Fa.slack-edge.com%2F3654%2Fimg%2Favatars%2Fava_0001-72.png",
            "image_192": "https:\/\/secure.gravatar.com\/avatar\/e47a88c8e4226d2256ee6d93ecc79c15.jpg?s=192&d=https%3A%2F%2Fa.slack-edge.com%2F7fa9%2Fimg%2Favatars%2Fava_0001-192.png",
            "image_512": "https:\/\/secure.gravatar.com\/avatar\/e47a88c8e4226d2256ee6d93ecc79c15.jpg?s=512&d=https%3A%2F%2Fa.slack-edge.com%2F7fa9%2Fimg%2Favatars%2Fava_0001-512.png",
            "team": "TA8NCFFJN"
        },
        "is_admin": true,
        "is_owner": true,
        "is_primary_owner": true,
        "is_restricted": false,
        "is_ultra_restricted": false,
        "is_bot": false,
        "updated": 1524035738,
        "is_app_user": false
    },
    {
        "id": "UAFNMHGDQ",
        "team_id": "TA8NCFFJN",
        "name": "harsh.maru759",
        "deleted": false,
        "color": "e7392d",
        "real_name": "harshmaru",
        "tz": "America\/Los_Angeles",
        "tz_label": "Pacific Daylight Time",
        "tz_offset": -25200,
        "profile": {
            "title": "",
            "phone": "",
            "skype": "",
            "real_name": "harshmaru",
            "real_name_normalized": "harshmaru",
            "display_name": "",
            "display_name_normalized": "",
            "fields": null,
            "status_text": "",
            "status_emoji": "",
            "status_expiration": 0,
            "avatar_hash": "ge4deec2acfc",
            "image_24": "https:\/\/secure.gravatar.com\/avatar\/e4deec2acfc09b1f99c0074aa4c636e3.jpg?s=24&d=https%3A%2F%2Fa.slack-edge.com%2F66f9%2Fimg%2Favatars%2Fava_0007-24.png",
            "image_32": "https:\/\/secure.gravatar.com\/avatar\/e4deec2acfc09b1f99c0074aa4c636e3.jpg?s=32&d=https%3A%2F%2Fa.slack-edge.com%2F66f9%2Fimg%2Favatars%2Fava_0007-32.png",
            "image_48": "https:\/\/secure.gravatar.com\/avatar\/e4deec2acfc09b1f99c0074aa4c636e3.jpg?s=48&d=https%3A%2F%2Fa.slack-edge.com%2F66f9%2Fimg%2Favatars%2Fava_0007-48.png",
            "image_72": "https:\/\/secure.gravatar.com\/avatar\/e4deec2acfc09b1f99c0074aa4c636e3.jpg?s=72&d=https%3A%2F%2Fa.slack-edge.com%2F66f9%2Fimg%2Favatars%2Fava_0007-72.png",
            "image_192": "https:\/\/secure.gravatar.com\/avatar\/e4deec2acfc09b1f99c0074aa4c636e3.jpg?s=192&d=https%3A%2F%2Fa.slack-edge.com%2F7fa9%2Fimg%2Favatars%2Fava_0007-192.png",
            "image_512": "https:\/\/secure.gravatar.com\/avatar\/e4deec2acfc09b1f99c0074aa4c636e3.jpg?s=512&d=https%3A%2F%2Fa.slack-edge.com%2F7fa9%2Fimg%2Favatars%2Fava_0007-512.png",
            "team": "TA8NCFFJN"
        },
        "is_admin": false,
        "is_owner": false,
        "is_primary_owner": false,
        "is_restricted": false,
        "is_ultra_restricted": false,
        "is_bot": false,
        "updated": 1525096187,
        "is_app_user": false
    },
    {
        "id": "UAFM85HFD",
        "team_id": "TA8NCFFJN",
        "name": "kaushik5699",
        "deleted": false,
        "color": "2b6836",
        "real_name": "Kaushik I",
        "tz": "Asia\/Kolkata",
        "tz_label": "India Standard Time",
        "tz_offset": 19800,
        "profile": {
            "title": "",
            "phone": "",
            "skype": "",
            "real_name": "Kaushik I",
            "real_name_normalized": "Kaushik I",
            "display_name": "Kaushik",
            "display_name_normalized": "Kaushik",
            "fields": null,
            "status_text": "",
            "status_emoji": "",
            "status_expiration": 0,
            "avatar_hash": "gf3b5fcc9ee2",
            "image_24": "https:\/\/secure.gravatar.com\/avatar\/f3b5fcc9ee2d80095269519c44b6478d.jpg?s=24&d=https%3A%2F%2Fa.slack-edge.com%2F66f9%2Fimg%2Favatars%2Fava_0008-24.png",
            "image_32": "https:\/\/secure.gravatar.com\/avatar\/f3b5fcc9ee2d80095269519c44b6478d.jpg?s=32&d=https%3A%2F%2Fa.slack-edge.com%2F66f9%2Fimg%2Favatars%2Fava_0008-32.png",
            "image_48": "https:\/\/secure.gravatar.com\/avatar\/f3b5fcc9ee2d80095269519c44b6478d.jpg?s=48&d=https%3A%2F%2Fa.slack-edge.com%2F66f9%2Fimg%2Favatars%2Fava_0008-48.png",
            "image_72": "https:\/\/secure.gravatar.com\/avatar\/f3b5fcc9ee2d80095269519c44b6478d.jpg?s=72&d=https%3A%2F%2Fa.slack-edge.com%2F66f9%2Fimg%2Favatars%2Fava_0008-72.png",
            "image_192": "https:\/\/secure.gravatar.com\/avatar\/f3b5fcc9ee2d80095269519c44b6478d.jpg?s=192&d=https%3A%2F%2Fa.slack-edge.com%2F7fa9%2Fimg%2Favatars%2Fava_0008-192.png",
            "image_512": "https:\/\/secure.gravatar.com\/avatar\/f3b5fcc9ee2d80095269519c44b6478d.jpg?s=512&d=https%3A%2F%2Fa.slack-edge.com%2F7fa9%2Fimg%2Favatars%2Fava_0008-512.png",
            "team": "TA8NCFFJN"
        },
        "is_admin": false,
        "is_owner": false,
        "is_primary_owner": false,
        "is_restricted": false,
        "is_ultra_restricted": false,
        "is_bot": false,
        "updated": 1525099938,
        "is_app_user": false
    },
    {
        "id": "UAFGN6JHJ",
        "team_id": "TA8NCFFJN",
        "name": "krishnanarvind100",
        "deleted": false,
        "color": "684b6c",
        "real_name": "Arvind Sai Krishnan",
        "tz": "Asia\/Kolkata",
        "tz_label": "India Standard Time",
        "tz_offset": 19800,
        "profile": {
            "title": "",
            "phone": "",
            "skype": "",
            "real_name": "Arvind Sai Krishnan",
            "real_name_normalized": "Arvind Sai Krishnan",
            "display_name": "ask",
            "display_name_normalized": "ask",
            "fields": null,
            "status_text": "",
            "status_emoji": "",
            "status_expiration": 0,
            "avatar_hash": "ga06da374db8",
            "image_24": "https:\/\/secure.gravatar.com\/avatar\/a06da374db89396ffa9490c65d55bebb.jpg?s=24&d=https%3A%2F%2Fa.slack-edge.com%2F66f9%2Fimg%2Favatars%2Fava_0008-24.png",
            "image_32": "https:\/\/secure.gravatar.com\/avatar\/a06da374db89396ffa9490c65d55bebb.jpg?s=32&d=https%3A%2F%2Fa.slack-edge.com%2F66f9%2Fimg%2Favatars%2Fava_0008-32.png",
            "image_48": "https:\/\/secure.gravatar.com\/avatar\/a06da374db89396ffa9490c65d55bebb.jpg?s=48&d=https%3A%2F%2Fa.slack-edge.com%2F66f9%2Fimg%2Favatars%2Fava_0008-48.png",
            "image_72": "https:\/\/secure.gravatar.com\/avatar\/a06da374db89396ffa9490c65d55bebb.jpg?s=72&d=https%3A%2F%2Fa.slack-edge.com%2F66f9%2Fimg%2Favatars%2Fava_0008-72.png",
            "image_192": "https:\/\/secure.gravatar.com\/avatar\/a06da374db89396ffa9490c65d55bebb.jpg?s=192&d=https%3A%2F%2Fa.slack-edge.com%2F7fa9%2Fimg%2Favatars%2Fava_0008-192.png",
            "image_512": "https:\/\/secure.gravatar.com\/avatar\/a06da374db89396ffa9490c65d55bebb.jpg?s=512&d=https%3A%2F%2Fa.slack-edge.com%2F7fa9%2Fimg%2Favatars%2Fava_0008-512.png",
            "team": "TA8NCFFJN"
        },
        "is_admin": false,
        "is_owner": false,
        "is_primary_owner": false,
        "is_restricted": false,
        "is_ultra_restricted": false,
        "is_bot": false,
        "updated": 1525097945,
        "is_app_user": false
    },
    {
        "id": "UAGLWJ0BY",
        "team_id": "TA8NCFFJN",
        "name": "kushshah481999",
        "deleted": false,
        "color": "5b89d5",
        "real_name": "Kush Shah",
        "tz": "America\/Los_Angeles",
        "tz_label": "Pacific Daylight Time",
        "tz_offset": -25200,
        "profile": {
            "title": "",
            "phone": "",
            "skype": "",
            "real_name": "Kush Shah",
            "real_name_normalized": "Kush Shah",
            "display_name": "",
            "display_name_normalized": "",
            "fields": null,
            "status_text": "",
            "status_emoji": "",
            "status_expiration": 0,
            "avatar_hash": "g169a041d241",
            "image_24": "https:\/\/secure.gravatar.com\/avatar\/169a041d2416c2648cb7c29d9fae8045.jpg?s=24&d=https%3A%2F%2Fa.slack-edge.com%2F66f9%2Fimg%2Favatars%2Fava_0019-24.png",
            "image_32": "https:\/\/secure.gravatar.com\/avatar\/169a041d2416c2648cb7c29d9fae8045.jpg?s=32&d=https%3A%2F%2Fa.slack-edge.com%2F66f9%2Fimg%2Favatars%2Fava_0019-32.png",
            "image_48": "https:\/\/secure.gravatar.com\/avatar\/169a041d2416c2648cb7c29d9fae8045.jpg?s=48&d=https%3A%2F%2Fa.slack-edge.com%2F66f9%2Fimg%2Favatars%2Fava_0019-48.png",
            "image_72": "https:\/\/secure.gravatar.com\/avatar\/169a041d2416c2648cb7c29d9fae8045.jpg?s=72&d=https%3A%2F%2Fa.slack-edge.com%2F66f9%2Fimg%2Favatars%2Fava_0019-72.png",
            "image_192": "https:\/\/secure.gravatar.com\/avatar\/169a041d2416c2648cb7c29d9fae8045.jpg?s=192&d=https%3A%2F%2Fa.slack-edge.com%2F7fa9%2Fimg%2Favatars%2Fava_0019-192.png",
            "image_512": "https:\/\/secure.gravatar.com\/avatar\/169a041d2416c2648cb7c29d9fae8045.jpg?s=512&d=https%3A%2F%2Fa.slack-edge.com%2F7fa9%2Fimg%2Favatars%2Fava_0019-512.png",
            "team": "TA8NCFFJN"
        },
        "is_admin": false,
        "is_owner": false,
        "is_primary_owner": false,
        "is_restricted": false,
        "is_ultra_restricted": false,
        "is_bot": false,
        "updated": 1525099594,
        "is_app_user": false
    },
    {
        "id": "UAFNDABR7",
        "team_id": "TA8NCFFJN",
        "name": "njnisarg",
        "deleted": false,
        "color": "5a4592",
        "real_name": "Nisarg Joshi",
        "tz": "Asia\/Kolkata",
        "tz_label": "India Standard Time",
        "tz_offset": 19800,
        "profile": {
            "title": "",
            "phone": "",
            "skype": "",
            "real_name": "Nisarg Joshi",
            "real_name_normalized": "Nisarg Joshi",
            "display_name": "NJnisarg",
            "display_name_normalized": "NJnisarg",
            "fields": null,
            "status_text": "",
            "status_emoji": "",
            "status_expiration": 0,
            "avatar_hash": "gbceec09444f",
            "image_24": "https:\/\/secure.gravatar.com\/avatar\/bceec09444fe4fb370686618364ecfde.jpg?s=24&d=https%3A%2F%2Fa.slack-edge.com%2F66f9%2Fimg%2Favatars%2Fava_0020-24.png",
            "image_32": "https:\/\/secure.gravatar.com\/avatar\/bceec09444fe4fb370686618364ecfde.jpg?s=32&d=https%3A%2F%2Fa.slack-edge.com%2F0180%2Fimg%2Favatars%2Fava_0020-32.png",
            "image_48": "https:\/\/secure.gravatar.com\/avatar\/bceec09444fe4fb370686618364ecfde.jpg?s=48&d=https%3A%2F%2Fa.slack-edge.com%2F66f9%2Fimg%2Favatars%2Fava_0020-48.png",
            "image_72": "https:\/\/secure.gravatar.com\/avatar\/bceec09444fe4fb370686618364ecfde.jpg?s=72&d=https%3A%2F%2Fa.slack-edge.com%2F66f9%2Fimg%2Favatars%2Fava_0020-72.png",
            "image_192": "https:\/\/secure.gravatar.com\/avatar\/bceec09444fe4fb370686618364ecfde.jpg?s=192&d=https%3A%2F%2Fa.slack-edge.com%2F7fa9%2Fimg%2Favatars%2Fava_0020-192.png",
            "image_512": "https:\/\/secure.gravatar.com\/avatar\/bceec09444fe4fb370686618364ecfde.jpg?s=512&d=https%3A%2F%2Fa.slack-edge.com%2F7fa9%2Fimg%2Favatars%2Fava_0020-512.png",
            "team": "TA8NCFFJN"
        },
        "is_admin": false,
        "is_owner": false,
        "is_primary_owner": false,
        "is_restricted": false,
        "is_ultra_restricted": false,
        "is_bot": false,
        "updated": 1525167080,
        "is_app_user": false
    },
    {
        "id": "UA86F1DFT",
        "team_id": "TA8NCFFJN",
        "name": "pandey.archit7",
        "deleted": false,
        "color": "4bbe2e",
        "real_name": "Archit Pandey",
        "tz": "America\/Los_Angeles",
        "tz_label": "Pacific Daylight Time",
        "tz_offset": -25200,
        "profile": {
            "title": "",
            "phone": "+91 97423 55213",
            "skype": "",
            "real_name": "Archit Pandey",
            "real_name_normalized": "Archit Pandey",
            "display_name": "archit-p",
            "display_name_normalized": "archit-p",
            "fields": [],
            "status_text": "",
            "status_emoji": "",
            "status_expiration": 0,
            "avatar_hash": "734fbd88e67d",
            "image_original": "https:\/\/avatars.slack-edge.com\/2018-04-18\/348666422323_734fbd88e67d65e21aad_original.jpg",
            "first_name": "Archit",
            "last_name": "Pandey",
            "image_24": "https:\/\/avatars.slack-edge.com\/2018-04-18\/348666422323_734fbd88e67d65e21aad_24.jpg",
            "image_32": "https:\/\/avatars.slack-edge.com\/2018-04-18\/348666422323_734fbd88e67d65e21aad_32.jpg",
            "image_48": "https:\/\/avatars.slack-edge.com\/2018-04-18\/348666422323_734fbd88e67d65e21aad_48.jpg",
            "image_72": "https:\/\/avatars.slack-edge.com\/2018-04-18\/348666422323_734fbd88e67d65e21aad_72.jpg",
            "image_192": "https:\/\/avatars.slack-edge.com\/2018-04-18\/348666422323_734fbd88e67d65e21aad_192.jpg",
            "image_512": "https:\/\/avatars.slack-edge.com\/2018-04-18\/348666422323_734fbd88e67d65e21aad_512.jpg",
            "image_1024": "https:\/\/avatars.slack-edge.com\/2018-04-18\/348666422323_734fbd88e67d65e21aad_1024.jpg",
            "team": "TA8NCFFJN"
        },
        "is_admin": true,
        "is_owner": true,
        "is_primary_owner": false,
        "is_restricted": false,
        "is_ultra_restricted": false,
        "is_bot": false,
        "updated": 1525330883,
        "is_app_user": false
    },
    {
        "id": "UAFP8H459",
        "team_id": "TA8NCFFJN",
        "name": "prajwalpspbelagavi",
        "deleted": false,
        "color": "4cc091",
        "real_name": "prajwalsb",
        "tz": "Asia\/Kolkata",
        "tz_label": "India Standard Time",
        "tz_offset": 19800,
        "profile": {
            "title": "",
            "phone": "",
            "skype": "",
            "real_name": "prajwalsb",
            "real_name_normalized": "prajwalsb",
            "display_name": "prajwal",
            "display_name_normalized": "prajwal",
            "fields": null,
            "status_text": "",
            "status_emoji": "",
            "status_expiration": 0,
            "avatar_hash": "gefd75d22204",
            "image_24": "https:\/\/secure.gravatar.com\/avatar\/efd75d22204c60f60c4aafea1d7a6bd3.jpg?s=24&d=https%3A%2F%2Fa.slack-edge.com%2F66f9%2Fimg%2Favatars%2Fava_0005-24.png",
            "image_32": "https:\/\/secure.gravatar.com\/avatar\/efd75d22204c60f60c4aafea1d7a6bd3.jpg?s=32&d=https%3A%2F%2Fa.slack-edge.com%2F66f9%2Fimg%2Favatars%2Fava_0005-32.png",
            "image_48": "https:\/\/secure.gravatar.com\/avatar\/efd75d22204c60f60c4aafea1d7a6bd3.jpg?s=48&d=https%3A%2F%2Fa.slack-edge.com%2F66f9%2Fimg%2Favatars%2Fava_0005-48.png",
            "image_72": "https:\/\/secure.gravatar.com\/avatar\/efd75d22204c60f60c4aafea1d7a6bd3.jpg?s=72&d=https%3A%2F%2Fa.slack-edge.com%2F66f9%2Fimg%2Favatars%2Fava_0005-72.png",
            "image_192": "https:\/\/secure.gravatar.com\/avatar\/efd75d22204c60f60c4aafea1d7a6bd3.jpg?s=192&d=https%3A%2F%2Fa.slack-edge.com%2F7fa9%2Fimg%2Favatars%2Fava_0005-192.png",
            "image_512": "https:\/\/secure.gravatar.com\/avatar\/efd75d22204c60f60c4aafea1d7a6bd3.jpg?s=512&d=https%3A%2F%2Fa.slack-edge.com%2F7fa9%2Fimg%2Favatars%2Fava_0005-512.png",
            "team": "TA8NCFFJN"
        },
        "is_admin": false,
        "is_owner": false,
        "is_primary_owner": false,
        "is_restricted": false,
        "is_ultra_restricted": false,
        "is_bot": false,
        "updated": 1525104545,
        "is_app_user": false
    },
    {
        "id": "UAG2SJL8L",
        "team_id": "TA8NCFFJN",
        "name": "pvgupta24",
        "deleted": false,
        "color": "9e3997",
        "real_name": "Praveen Gupta",
        "tz": "America\/Los_Angeles",
        "tz_label": "Pacific Daylight Time",
        "tz_offset": -25200,
        "profile": {
            "title": "",
            "phone": "",
            "skype": "",
            "real_name": "Praveen Gupta",
            "real_name_normalized": "Praveen Gupta",
            "display_name": "",
            "display_name_normalized": "",
            "fields": null,
            "status_text": "",
            "status_emoji": "",
            "status_expiration": 0,
            "avatar_hash": "gb736914498e",
            "image_24": "https:\/\/secure.gravatar.com\/avatar\/b736914498ee06143efd2c9af7a30e97.jpg?s=24&d=https%3A%2F%2Fa.slack-edge.com%2F66f9%2Fimg%2Favatars%2Fava_0006-24.png",
            "image_32": "https:\/\/secure.gravatar.com\/avatar\/b736914498ee06143efd2c9af7a30e97.jpg?s=32&d=https%3A%2F%2Fa.slack-edge.com%2F66f9%2Fimg%2Favatars%2Fava_0006-32.png",
            "image_48": "https:\/\/secure.gravatar.com\/avatar\/b736914498ee06143efd2c9af7a30e97.jpg?s=48&d=https%3A%2F%2Fa.slack-edge.com%2F66f9%2Fimg%2Favatars%2Fava_0006-48.png",
            "image_72": "https:\/\/secure.gravatar.com\/avatar\/b736914498ee06143efd2c9af7a30e97.jpg?s=72&d=https%3A%2F%2Fa.slack-edge.com%2F66f9%2Fimg%2Favatars%2Fava_0006-72.png",
            "image_192": "https:\/\/secure.gravatar.com\/avatar\/b736914498ee06143efd2c9af7a30e97.jpg?s=192&d=https%3A%2F%2Fa.slack-edge.com%2F7fa9%2Fimg%2Favatars%2Fava_0006-192.png",
            "image_512": "https:\/\/secure.gravatar.com\/avatar\/b736914498ee06143efd2c9af7a30e97.jpg?s=512&d=https%3A%2F%2Fa.slack-edge.com%2F7fa9%2Fimg%2Favatars%2Fava_0006-512.png",
            "team": "TA8NCFFJN"
        },
        "is_admin": false,
        "is_owner": false,
        "is_primary_owner": false,
        "is_restricted": false,
        "is_ultra_restricted": false,
        "is_bot": false,
        "updated": 1525170373,
        "is_app_user": false
    },
    {
        "id": "UAGCQFB37",
        "team_id": "TA8NCFFJN",
        "name": "s.shah.2016",
        "deleted": false,
        "color": "d58247",
        "real_name": "Salman Shah",
        "tz": "America\/Los_Angeles",
        "tz_label": "Pacific Daylight Time",
        "tz_offset": -25200,
        "profile": {
            "title": "",
            "phone": "",
            "skype": "",
            "real_name": "Salman Shah",
            "real_name_normalized": "Salman Shah",
            "display_name": "",
            "display_name_normalized": "",
            "fields": null,
            "status_text": "",
            "status_emoji": "",
            "status_expiration": 0,
            "avatar_hash": "gd994af2db97",
            "image_24": "https:\/\/secure.gravatar.com\/avatar\/d994af2db970e2cc15f5e02c4ebb6fab.jpg?s=24&d=https%3A%2F%2Fa.slack-edge.com%2F66f9%2Fimg%2Favatars%2Fava_0009-24.png",
            "image_32": "https:\/\/secure.gravatar.com\/avatar\/d994af2db970e2cc15f5e02c4ebb6fab.jpg?s=32&d=https%3A%2F%2Fa.slack-edge.com%2F66f9%2Fimg%2Favatars%2Fava_0009-32.png",
            "image_48": "https:\/\/secure.gravatar.com\/avatar\/d994af2db970e2cc15f5e02c4ebb6fab.jpg?s=48&d=https%3A%2F%2Fa.slack-edge.com%2F66f9%2Fimg%2Favatars%2Fava_0009-48.png",
            "image_72": "https:\/\/secure.gravatar.com\/avatar\/d994af2db970e2cc15f5e02c4ebb6fab.jpg?s=72&d=https%3A%2F%2Fa.slack-edge.com%2F66f9%2Fimg%2Favatars%2Fava_0009-72.png",
            "image_192": "https:\/\/secure.gravatar.com\/avatar\/d994af2db970e2cc15f5e02c4ebb6fab.jpg?s=192&d=https%3A%2F%2Fa.slack-edge.com%2F7fa9%2Fimg%2Favatars%2Fava_0009-192.png",
            "image_512": "https:\/\/secure.gravatar.com\/avatar\/d994af2db970e2cc15f5e02c4ebb6fab.jpg?s=512&d=https%3A%2F%2Fa.slack-edge.com%2F7fa9%2Fimg%2Favatars%2Fava_0009-512.png",
            "team": "TA8NCFFJN"
        },
        "is_admin": false,
        "is_owner": false,
        "is_primary_owner": false,
        "is_restricted": false,
        "is_ultra_restricted": false,
        "is_bot": false,
        "updated": 1525164814,
        "is_app_user": false
    },
    {
        "id": "UAFNLK43D",
        "team_id": "TA8NCFFJN",
        "name": "smarty1palak",
        "deleted": false,
        "color": "df3dc0",
        "real_name": "Palak Singhal",
        "tz": "America\/Los_Angeles",
        "tz_label": "Pacific Daylight Time",
        "tz_offset": -25200,
        "profile": {
            "title": "",
            "phone": "",
            "skype": "",
            "real_name": "Palak Singhal",
            "real_name_normalized": "Palak Singhal",
            "display_name": "",
            "display_name_normalized": "",
            "fields": null,
            "status_text": "",
            "status_emoji": "",
            "status_expiration": 0,
            "avatar_hash": "g8d42833f363",
            "image_24": "https:\/\/secure.gravatar.com\/avatar\/8d42833f363464cbebfa24873f4b28ae.jpg?s=24&d=https%3A%2F%2Fa.slack-edge.com%2F66f9%2Fimg%2Favatars%2Fava_0009-24.png",
            "image_32": "https:\/\/secure.gravatar.com\/avatar\/8d42833f363464cbebfa24873f4b28ae.jpg?s=32&d=https%3A%2F%2Fa.slack-edge.com%2F66f9%2Fimg%2Favatars%2Fava_0009-32.png",
            "image_48": "https:\/\/secure.gravatar.com\/avatar\/8d42833f363464cbebfa24873f4b28ae.jpg?s=48&d=https%3A%2F%2Fa.slack-edge.com%2F66f9%2Fimg%2Favatars%2Fava_0009-48.png",
            "image_72": "https:\/\/secure.gravatar.com\/avatar\/8d42833f363464cbebfa24873f4b28ae.jpg?s=72&d=https%3A%2F%2Fa.slack-edge.com%2F66f9%2Fimg%2Favatars%2Fava_0009-72.png",
            "image_192": "https:\/\/secure.gravatar.com\/avatar\/8d42833f363464cbebfa24873f4b28ae.jpg?s=192&d=https%3A%2F%2Fa.slack-edge.com%2F7fa9%2Fimg%2Favatars%2Fava_0009-192.png",
            "image_512": "https:\/\/secure.gravatar.com\/avatar\/8d42833f363464cbebfa24873f4b28ae.jpg?s=512&d=https%3A%2F%2Fa.slack-edge.com%2F7fa9%2Fimg%2Favatars%2Fava_0009-512.png",
            "team": "TA8NCFFJN"
        },
        "is_admin": false,
        "is_owner": false,
        "is_primary_owner": false,
        "is_restricted": false,
        "is_ultra_restricted": false,
        "is_bot": false,
        "updated": 1525103059,
        "is_app_user": false
    },
    {
        "id": "UAGSE2Y9M",
        "team_id": "TA8NCFFJN",
        "name": "srivi567",
        "deleted": false,
        "color": "99a949",
        "real_name": "Srivatsan V",
        "tz": "America\/Los_Angeles",
        "tz_label": "Pacific Daylight Time",
        "tz_offset": -25200,
        "profile": {
            "title": "",
            "phone": "",
            "skype": "",
            "real_name": "Srivatsan V",
            "real_name_normalized": "Srivatsan V",
            "display_name": "",
            "display_name_normalized": "",
            "fields": null,
            "status_text": "",
            "status_emoji": "",
            "status_expiration": 0,
            "avatar_hash": "gb6ef764ad70",
            "image_24": "https:\/\/secure.gravatar.com\/avatar\/b6ef764ad705fbec2d54e44a1d1e1744.jpg?s=24&d=https%3A%2F%2Fa.slack-edge.com%2F66f9%2Fimg%2Favatars%2Fava_0022-24.png",
            "image_32": "https:\/\/secure.gravatar.com\/avatar\/b6ef764ad705fbec2d54e44a1d1e1744.jpg?s=32&d=https%3A%2F%2Fa.slack-edge.com%2F66f9%2Fimg%2Favatars%2Fava_0022-32.png",
            "image_48": "https:\/\/secure.gravatar.com\/avatar\/b6ef764ad705fbec2d54e44a1d1e1744.jpg?s=48&d=https%3A%2F%2Fa.slack-edge.com%2F66f9%2Fimg%2Favatars%2Fava_0022-48.png",
            "image_72": "https:\/\/secure.gravatar.com\/avatar\/b6ef764ad705fbec2d54e44a1d1e1744.jpg?s=72&d=https%3A%2F%2Fa.slack-edge.com%2F66f9%2Fimg%2Favatars%2Fava_0022-72.png",
            "image_192": "https:\/\/secure.gravatar.com\/avatar\/b6ef764ad705fbec2d54e44a1d1e1744.jpg?s=192&d=https%3A%2F%2Fa.slack-edge.com%2F7fa9%2Fimg%2Favatars%2Fava_0022-192.png",
            "image_512": "https:\/\/secure.gravatar.com\/avatar\/b6ef764ad705fbec2d54e44a1d1e1744.jpg?s=512&d=https%3A%2F%2Fa.slack-edge.com%2F7fa9%2Fimg%2Favatars%2Fava_0022-512.png",
            "team": "TA8NCFFJN"
        },
        "is_admin": false,
        "is_owner": false,
        "is_primary_owner": false,
        "is_restricted": false,
        "is_ultra_restricted": false,
        "is_bot": false,
        "updated": 1525101773,
        "is_app_user": false
    },
    {
        "id": "UAFP9QVRQ",
        "team_id": "TA8NCFFJN",
        "name": "yash2103h",
        "deleted": false,
        "color": "e0a729",
        "real_name": "Yash Harlalka",
        "tz": "America\/Los_Angeles",
        "tz_label": "Pacific Daylight Time",
        "tz_offset": -25200,
        "profile": {
            "title": "",
            "phone": "",
            "skype": "",
            "real_name": "Yash Harlalka",
            "real_name_normalized": "Yash Harlalka",
            "display_name": "",
            "display_name_normalized": "",
            "fields": null,
            "status_text": "",
            "status_emoji": "",
            "status_expiration": 0,
            "avatar_hash": "gd5d1c163a39",
            "image_24": "https:\/\/secure.gravatar.com\/avatar\/d5d1c163a39cc1d251ed215946b2a4d0.jpg?s=24&d=https%3A%2F%2Fa.slack-edge.com%2F66f9%2Fimg%2Favatars%2Fava_0018-24.png",
            "image_32": "https:\/\/secure.gravatar.com\/avatar\/d5d1c163a39cc1d251ed215946b2a4d0.jpg?s=32&d=https%3A%2F%2Fa.slack-edge.com%2F66f9%2Fimg%2Favatars%2Fava_0018-32.png",
            "image_48": "https:\/\/secure.gravatar.com\/avatar\/d5d1c163a39cc1d251ed215946b2a4d0.jpg?s=48&d=https%3A%2F%2Fa.slack-edge.com%2F66f9%2Fimg%2Favatars%2Fava_0018-48.png",
            "image_72": "https:\/\/secure.gravatar.com\/avatar\/d5d1c163a39cc1d251ed215946b2a4d0.jpg?s=72&d=https%3A%2F%2Fa.slack-edge.com%2F3654%2Fimg%2Favatars%2Fava_0018-72.png",
            "image_192": "https:\/\/secure.gravatar.com\/avatar\/d5d1c163a39cc1d251ed215946b2a4d0.jpg?s=192&d=https%3A%2F%2Fa.slack-edge.com%2F7fa9%2Fimg%2Favatars%2Fava_0018-192.png",
            "image_512": "https:\/\/secure.gravatar.com\/avatar\/d5d1c163a39cc1d251ed215946b2a4d0.jpg?s=512&d=https%3A%2F%2Fa.slack-edge.com%2F7fa9%2Fimg%2Favatars%2Fava_0018-512.png",
            "team": "TA8NCFFJN"
        },
        "is_admin": false,
        "is_owner": false,
        "is_primary_owner": false,
        "is_restricted": false,
        "is_ultra_restricted": false,
        "is_bot": false,
        "updated": 1525097776,
        "is_app_user": false
    },
    {
        "id": "UAG6D2RH9",
        "team_id": "TA8NCFFJN",
        "name": "yashmagarwal786",
        "deleted": false,
        "color": "235e5b",
        "real_name": "Yash Agarwal",
        "tz": "Asia\/Kolkata",
        "tz_label": "India Standard Time",
        "tz_offset": 19800,
        "profile": {
            "title": "",
            "phone": "",
            "skype": "",
            "real_name": "Yash Agarwal",
            "real_name_normalized": "Yash Agarwal",
            "display_name": "Yash Agarwal",
            "display_name_normalized": "Yash Agarwal",
            "fields": null,
            "status_text": "",
            "status_emoji": "",
            "status_expiration": 0,
            "avatar_hash": "g3f7475b3ea0",
            "image_24": "https:\/\/secure.gravatar.com\/avatar\/3f7475b3ea0e9325e958a4152b9573b4.jpg?s=24&d=https%3A%2F%2Fa.slack-edge.com%2F66f9%2Fimg%2Favatars%2Fava_0005-24.png",
            "image_32": "https:\/\/secure.gravatar.com\/avatar\/3f7475b3ea0e9325e958a4152b9573b4.jpg?s=32&d=https%3A%2F%2Fa.slack-edge.com%2F66f9%2Fimg%2Favatars%2Fava_0005-32.png",
            "image_48": "https:\/\/secure.gravatar.com\/avatar\/3f7475b3ea0e9325e958a4152b9573b4.jpg?s=48&d=https%3A%2F%2Fa.slack-edge.com%2F66f9%2Fimg%2Favatars%2Fava_0005-48.png",
            "image_72": "https:\/\/secure.gravatar.com\/avatar\/3f7475b3ea0e9325e958a4152b9573b4.jpg?s=72&d=https%3A%2F%2Fa.slack-edge.com%2F66f9%2Fimg%2Favatars%2Fava_0005-72.png",
            "image_192": "https:\/\/secure.gravatar.com\/avatar\/3f7475b3ea0e9325e958a4152b9573b4.jpg?s=192&d=https%3A%2F%2Fa.slack-edge.com%2F7fa9%2Fimg%2Favatars%2Fava_0005-192.png",
            "image_512": "https:\/\/secure.gravatar.com\/avatar\/3f7475b3ea0e9325e958a4152b9573b4.jpg?s=512&d=https%3A%2F%2Fa.slack-edge.com%2F7fa9%2Fimg%2Favatars%2Fava_0005-512.png",
            "team": "TA8NCFFJN"
        },
        "is_admin": false,
        "is_owner": false,
        "is_primary_owner": false,
        "is_restricted": false,
        "is_ultra_restricted": false,
        "is_bot": false,
        "updated": 1525169162,
        "is_app_user": false
    },
    {
        "id": "UAGKRABV4",
        "team_id": "TA8NCFFJN",
        "name": "yogeshchoubey7",
        "deleted": false,
        "color": "e96699",
        "real_name": "Yogesh",
        "tz": "America\/Los_Angeles",
        "tz_label": "Pacific Daylight Time",
        "tz_offset": -25200,
        "profile": {
            "title": "",
            "phone": "",
            "skype": "",
            "real_name": "Yogesh",
            "real_name_normalized": "Yogesh",
            "display_name": "",
            "display_name_normalized": "",
            "fields": null,
            "status_text": "",
            "status_emoji": "",
            "status_expiration": 0,
            "avatar_hash": "gb9be0809b31",
            "image_24": "https:\/\/secure.gravatar.com\/avatar\/b9be0809b3178c8b6a2b2aad012349d1.jpg?s=24&d=https%3A%2F%2Fa.slack-edge.com%2F66f9%2Fimg%2Favatars%2Fava_0018-24.png",
            "image_32": "https:\/\/secure.gravatar.com\/avatar\/b9be0809b3178c8b6a2b2aad012349d1.jpg?s=32&d=https%3A%2F%2Fa.slack-edge.com%2F66f9%2Fimg%2Favatars%2Fava_0018-32.png",
            "image_48": "https:\/\/secure.gravatar.com\/avatar\/b9be0809b3178c8b6a2b2aad012349d1.jpg?s=48&d=https%3A%2F%2Fa.slack-edge.com%2F66f9%2Fimg%2Favatars%2Fava_0018-48.png",
            "image_72": "https:\/\/secure.gravatar.com\/avatar\/b9be0809b3178c8b6a2b2aad012349d1.jpg?s=72&d=https%3A%2F%2Fa.slack-edge.com%2F3654%2Fimg%2Favatars%2Fava_0018-72.png",
            "image_192": "https:\/\/secure.gravatar.com\/avatar\/b9be0809b3178c8b6a2b2aad012349d1.jpg?s=192&d=https%3A%2F%2Fa.slack-edge.com%2F7fa9%2Fimg%2Favatars%2Fava_0018-192.png",
            "image_512": "https:\/\/secure.gravatar.com\/avatar\/b9be0809b3178c8b6a2b2aad012349d1.jpg?s=512&d=https%3A%2F%2Fa.slack-edge.com%2F7fa9%2Fimg%2Favatars%2Fava_0018-512.png",
            "team": "TA8NCFFJN"
        },
        "is_admin": false,
        "is_owner": false,
        "is_primary_owner": false,
        "is_restricted": false,
        "is_ultra_restricted": false,
        "is_bot": false,
        "updated": 1525096818,
        "is_app_user": false
    }
]