[
    {
        "user": "UA86F1DFT",
        "text": "<@UA86F1DFT> has joined the channel",
        "type": "message",
        "subtype": "channel_join",
        "ts": "1525070679.000110"
    },
    {
        "user": "UA86F1DFT",
        "purpose": "This channel is for doubts. You can both raise and answer doubts. Mentors are available to answer doubts as well.",
        "text": "<@UA86F1DFT> set the channel purpose: This channel is for doubts. You can both raise and answer doubts. Mentors are available to answer doubts as well.",
        "type": "message",
        "subtype": "channel_purpose",
        "ts": "1525070679.000208"
    }
]