[
    {
        "user": "UAFP9QVRQ",
        "text": "<@UAFP9QVRQ> has joined the channel",
        "type": "message",
        "subtype": "channel_join",
        "ts": "1525170036.000143"
    },
    {
        "user": "UAF6SA6RF",
        "text": "<@UAF6SA6RF> has joined the channel",
        "type": "message",
        "subtype": "channel_join",
        "ts": "1525171055.000064"
    },
    {
        "user": "UAGSE2Y9M",
        "text": "<@UAGSE2Y9M> has joined the channel",
        "type": "message",
        "subtype": "channel_join",
        "ts": "1525172720.000046"
    },
    {
        "user": "UAFM85HFD",
        "text": "<@UAFM85HFD> has joined the channel",
        "type": "message",
        "subtype": "channel_join",
        "ts": "1525174837.000007"
    },
    {
        "user": "UAH0M6B71",
        "text": "<@UAH0M6B71> has joined the channel",
        "type": "message",
        "subtype": "channel_join",
        "ts": "1525179803.000329"
    },
    {
        "user": "UAGKJHXTQ",
        "text": "<@UAGKJHXTQ> has joined the channel",
        "type": "message",
        "subtype": "channel_join",
        "ts": "1525244103.000295"
    }
]