[
    {
        "user": "UA6DUCVSR",
        "text": "<@UA6DUCVSR> has joined the channel",
        "type": "message",
        "subtype": "channel_join",
        "ts": "1523617724.000251"
    },
    {
        "user": "UA6DUCVSR",
        "topic": "Consider this an official spam channel :slightly_smiling_face: Use this channel to get to know one another!",
        "text": "<@UA6DUCVSR> set the channel topic: Consider this an official spam channel :slightly_smiling_face: Use this channel to get to know one another!",
        "type": "message",
        "subtype": "channel_topic",
        "ts": "1523618070.000198"
    },
    {
        "user": "UA7BD5T55",
        "text": "<@UA7BD5T55> has joined the channel",
        "type": "message",
        "subtype": "channel_join",
        "ts": "1523618208.000381"
    }
]