[
    {
        "type": "message",
        "user": "UA6DUCVSR",
        "text": "Small clarification for @everyone",
        "ts": "1525445728.000343"
    },
    {
        "type": "message",
        "user": "UA6DUCVSR",
        "text": "You can join the session using Slack on Mobile",
        "ts": "1525445743.000697"
    },
    {
        "type": "message",
        "user": "UA6DUCVSR",
        "text": "But to do the tasks, and assignments, you need a machine",
        "ts": "1525445757.000745"
    },
    {
        "type": "message",
        "user": "UA6DUCVSR",
        "text": "So you can either use slack from the browser",
        "ts": "1525445826.000235"
    },
    {
        "type": "message",
        "user": "UA6DUCVSR",
        "text": "<https:\/\/cryptography-re-smp.slack.com>",
        "ts": "1525445837.000171"
    },
    {
        "type": "message",
        "user": "UA6DUCVSR",
        "text": "Or get the desktop app for your machine",
        "ts": "1525445852.000271"
    },
    {
        "type": "message",
        "user": "UA7BD5T55",
        "text": "using the link\n<https:\/\/slack.com\/downloads\/>",
        "attachments": [
            {
                "service_name": "Slack",
                "title": "Downloads",
                "title_link": "https:\/\/slack.com\/downloads\/",
                "text": "Download Slack for free for mobile devices or desktop. Keep up with the conversation with our apps for iPhone, Android, Windows Phone and more.",
                "fallback": "Slack: Downloads",
                "thumb_url": "https:\/\/a.slack-edge.com\/436da\/marketing\/img\/meta\/slack_hash_128.png",
                "from_url": "https:\/\/slack.com\/downloads\/",
                "thumb_width": 128,
                "thumb_height": 128,
                "service_icon": "https:\/\/a.slack-edge.com\/436da\/marketing\/img\/meta\/ios-152.png",
                "id": 1,
                "original_url": "https:\/\/slack.com\/downloads\/"
            }
        ],
        "ts": "1525445857.000345"
    },
    {
        "type": "message",
        "user": "UAJ8116HJ",
        "text": "<https:\/\/git-scm.com\/book\/en\/v2>",
        "ts": "1525446690.000845",
        "reactions": [
            {
                "name": "frowning",
                "users": [
                    "UA7BD5T55"
                ],
                "count": 1
            }
        ]
    },
    {
        "type": "message",
        "user": "UA6DUCVSR",
        "text": "Let us know if we were fast, slow, or anything else that you wanted but we missed out on",
        "ts": "1525453101.000494"
    },
    {
        "type": "message",
        "user": "UADKV7NKX",
        "text": "could we start earlier and end before 9:30 pm maybe?",
        "ts": "1525453155.000106",
        "reactions": [
            {
                "name": "+1",
                "users": [
                    "UAHUQBNUX"
                ],
                "count": 1
            }
        ]
    },
    {
        "type": "message",
        "user": "UA6DUCVSR",
        "text": "Yes, we had not planned it going this far :stuck_out_tongue:",
        "ts": "1525453172.000017"
    },
    {
        "type": "message",
        "user": "UA6DUCVSR",
        "text": "We will try to keep it more concise",
        "ts": "1525453188.000151"
    }
]