[
    {
        "user": "UAF3KTL64",
        "text": "<@UAF3KTL64> has joined the channel",
        "type": "message",
        "subtype": "channel_join",
        "ts": "1525099755.000873"
    },
    {
        "user": "UAGT5K0FR",
        "text": "<@UAGT5K0FR> has joined the channel",
        "type": "message",
        "subtype": "channel_join",
        "ts": "1525103511.000323"
    },
    {
        "user": "UAFRYU89G",
        "text": "<@UAFRYU89G> has joined the channel",
        "type": "message",
        "subtype": "channel_join",
        "ts": "1525104049.000949"
    },
    {
        "user": "UAG0QS4NR",
        "text": "<@UAG0QS4NR> has joined the channel",
        "type": "message",
        "subtype": "channel_join",
        "ts": "1525104383.000545"
    },
    {
        "user": "UAFA87D0R",
        "text": "<@UAFA87D0R> has joined the channel",
        "type": "message",
        "subtype": "channel_join",
        "ts": "1525104813.000696"
    },
    {
        "user": "UAGP6EYNS",
        "text": "<@UAGP6EYNS> has joined the channel",
        "type": "message",
        "subtype": "channel_join",
        "ts": "1525104896.000123"
    },
    {
        "user": "UAFSN3UD8",
        "text": "<@UAFSN3UD8> has joined the channel",
        "type": "message",
        "subtype": "channel_join",
        "ts": "1525105717.000130"
    }
]