[
    {
        "type": "message",
        "user": "UADKV7NKX",
        "text": "do i use a '\/' after find in Linux when there are multiple parameters or is it for something else?",
        "client_msg_id": "8ce42de7-0b85-4c0a-b6f3-60ac322097a5",
        "ts": "1525341494.000046"
    },
    {
        "type": "message",
        "user": "UAEMU4PH7",
        "text": "Can you please elaborate the problem?",
        "ts": "1525352213.000531"
    },
    {
        "type": "message",
        "user": "UAEMU4PH7",
        "text": "I did not understand it",
        "ts": "1525352221.000286"
    },
    {
        "type": "message",
        "user": "UADKV7NKX",
        "text": "why and when do we use the forward slash along with the find command?",
        "client_msg_id": "ba0e0db4-9e6b-4084-be93-52f52ce74f21",
        "ts": "1525352744.000386"
    },
    {
        "type": "message",
        "user": "UA6DUCVSR",
        "text": "Are you talking about the grep command ?",
        "client_msg_id": "6275cdf2-1659-460c-b94c-b7c6c95cf585",
        "ts": "1525352829.000314"
    },
    {
        "type": "message",
        "user": "UADKV7NKX",
        "text": "no..the find command..in bandit level 6 to 7..",
        "client_msg_id": "01102b93-654a-444d-86a9-d544f9c05e22",
        "ts": "1525352957.000346"
    },
    {
        "type": "message",
        "user": "UADKV7NKX",
        "text": "find \/ -user bandit7 -group bandit6 -size 33c",
        "client_msg_id": "a49e1687-63d6-4fd1-bfe9-1f0a4b2b7dd8",
        "ts": "1525353003.000414"
    },
    {
        "type": "message",
        "user": "UADKV7NKX",
        "text": "i doesnt show the reqd files without the \/",
        "client_msg_id": "12bdc039-e877-48d0-a374-16256fea3551",
        "ts": "1525353025.000022"
    },
    {
        "type": "message",
        "user": "UADKV7NKX",
        "text": "*it doesnt",
        "client_msg_id": "2347637b-aa13-499c-966b-9e856a10c55a",
        "ts": "1525353030.000550"
    },
    {
        "type": "message",
        "user": "UAEMU4PH7",
        "text": "The find command works like this",
        "ts": "1525353137.000527"
    },
    {
        "type": "message",
        "user": "UAEMU4PH7",
        "text": "$ find &lt;where_to_find_files&gt; -user bandit7",
        "attachments": [
            {
                "fallback": "[May 3rd, 2018 6:39 PM] rohitmp99: no..the find command..in bandit level 6 to 7..",
                "ts": "1525352957.000346",
                "author_id": "UADKV7NKX",
                "author_subname": "Rohit M P",
                "channel_id": "CA7B9J48P",
                "channel_name": "random",
                "is_msg_unfurl": true,
                "text": "no..the find command..in bandit level 6 to 7..",
                "author_name": "Rohit M P",
                "author_link": "https:\/\/cryptography-re-smp.slack.com\/team\/UADKV7NKX",
                "author_icon": "https:\/\/secure.gravatar.com\/avatar\/4a60e968888c67ff1eb036eca0493347.jpg?s=48&d=https%3A%2F%2Fa.slack-edge.com%2F66f9%2Fimg%2Favatars%2Fava_0019-48.png",
                "mrkdwn_in": [
                    "text"
                ],
                "color": "D0D0D0",
                "from_url": "https:\/\/cryptography-re-smp.slack.com\/archives\/CA7B9J48P\/p1525352957000346",
                "is_share": true,
                "footer": "Posted in #random"
            }
        ],
        "ts": "1525353246.000030"
    },
    {
        "type": "message",
        "user": "UADKV7NKX",
        "text": "oh so \/ implies root directory?",
        "client_msg_id": "78de2fca-3fde-4c25-bddb-c274db8129d8",
        "ts": "1525353290.000479"
    },
    {
        "type": "message",
        "user": "UAEMU4PH7",
        "text": "Yes",
        "ts": "1525353295.000541"
    },
    {
        "type": "message",
        "user": "UAEMU4PH7",
        "text": "So, you are asking the command to start searching the \/ (root) directory first",
        "ts": "1525353323.000639"
    },
    {
        "type": "message",
        "user": "UADKV7NKX",
        "text": "got it..thanks",
        "client_msg_id": "b1f1bea3-bf1c-4062-bf74-b51a7c8dc28c",
        "ts": "1525353607.000703"
    }
]