[
    {
        "user": "UA6DUCVSR",
        "text": "<@UA6DUCVSR> has joined the channel",
        "type": "message",
        "subtype": "channel_join",
        "ts": "1523617994.000291"
    },
    {
        "user": "UA6DUCVSR",
        "topic": "All sessions will be conducted on this channel :slightly_smiling_face:",
        "text": "<@UA6DUCVSR> set the channel topic: All sessions will be conducted on this channel :slightly_smiling_face:",
        "type": "message",
        "subtype": "channel_topic",
        "ts": "1523618022.000300"
    },
    {
        "user": "UA7BD5T55",
        "inviter": "UA6DUCVSR",
        "text": "<@UA7BD5T55> has joined the channel",
        "type": "message",
        "subtype": "channel_join",
        "ts": "1523618330.000454"
    }
]