[
    {
        "user": "UAD8N2D1A",
        "text": "<@UAD8N2D1A> has joined the channel",
        "type": "message",
        "subtype": "channel_join",
        "ts": "1524726885.000365"
    },
    {
        "user": "UADKV7NKX",
        "text": "<@UADKV7NKX> has joined the channel",
        "type": "message",
        "subtype": "channel_join",
        "ts": "1524728703.000523"
    },
    {
        "user": "UAD1J8E2D",
        "text": "<@UAD1J8E2D> has joined the channel",
        "type": "message",
        "subtype": "channel_join",
        "ts": "1524734697.000157"
    },
    {
        "user": "UADMM3X1T",
        "text": "<@UADMM3X1T> has joined the channel",
        "type": "message",
        "subtype": "channel_join",
        "ts": "1524734704.000093"
    }
]