[
    {
        "user": "UAF3KTL64",
        "text": "<@UAF3KTL64> has joined the channel",
        "type": "message",
        "subtype": "channel_join",
        "ts": "1525099756.000002"
    },
    {
        "user": "UAGT5K0FR",
        "text": "<@UAGT5K0FR> has joined the channel",
        "type": "message",
        "subtype": "channel_join",
        "ts": "1525103511.000304"
    },
    {
        "user": "UAFRYU89G",
        "text": "<@UAFRYU89G> has joined the channel",
        "type": "message",
        "subtype": "channel_join",
        "ts": "1525104050.000030"
    },
    {
        "user": "UAG0QS4NR",
        "text": "<@UAG0QS4NR> has joined the channel",
        "type": "message",
        "subtype": "channel_join",
        "ts": "1525104383.000570"
    },
    {
        "user": "UAFA87D0R",
        "text": "<@UAFA87D0R> has joined the channel",
        "type": "message",
        "subtype": "channel_join",
        "ts": "1525104813.000745"
    },
    {
        "user": "UAGP6EYNS",
        "text": "<@UAGP6EYNS> has joined the channel",
        "type": "message",
        "subtype": "channel_join",
        "ts": "1525104896.000152"
    },
    {
        "user": "UAFSN3UD8",
        "text": "<@UAFSN3UD8> has joined the channel",
        "type": "message",
        "subtype": "channel_join",
        "ts": "1525105717.000158"
    },
    {
        "user": "UAFM76USG",
        "text": "<@UAFM76USG> has joined the channel",
        "type": "message",
        "subtype": "channel_join",
        "ts": "1525109057.000274"
    }
]