[
    {
        "user": "UA6DUCVSR",
        "text": "<@UA6DUCVSR> has joined the channel",
        "type": "message",
        "subtype": "channel_join",
        "ts": "1525410211.000194"
    },
    {
        "user": "UA6DUCVSR",
        "purpose": "A read-only channel for members to view all given resources.",
        "text": "<@UA6DUCVSR> set the channel purpose: A read-only channel for members to view all given resources.",
        "type": "message",
        "subtype": "channel_purpose",
        "ts": "1525410213.000036"
    },
    {
        "user": "UA7BD5T55",
        "inviter": "UA6DUCVSR",
        "text": "<@UA7BD5T55> has joined the channel",
        "type": "message",
        "subtype": "channel_join",
        "ts": "1525410246.000078"
    },
    {
        "user": "UAF3KTL64",
        "inviter": "UA6DUCVSR",
        "text": "<@UAF3KTL64> has joined the channel",
        "type": "message",
        "subtype": "channel_join",
        "ts": "1525410246.000089"
    },
    {
        "user": "UAD8KTBRA",
        "inviter": "UA6DUCVSR",
        "text": "<@UAD8KTBRA> has joined the channel",
        "type": "message",
        "subtype": "channel_join",
        "ts": "1525410246.000099"
    },
    {
        "user": "UAEMU4PH7",
        "inviter": "UA6DUCVSR",
        "text": "<@UAEMU4PH7> has joined the channel",
        "type": "message",
        "subtype": "channel_join",
        "ts": "1525410246.000182"
    },
    {
        "user": "UA7SUSX47",
        "inviter": "UA6DUCVSR",
        "text": "<@UA7SUSX47> has joined the channel",
        "type": "message",
        "subtype": "channel_join",
        "ts": "1525410246.000191"
    },
    {
        "user": "UAFRYU89G",
        "inviter": "UA6DUCVSR",
        "text": "<@UAFRYU89G> has joined the channel",
        "type": "message",
        "subtype": "channel_join",
        "ts": "1525410246.000198"
    },
    {
        "user": "UA6DUCVSR",
        "purpose": "A  channel for members to view all given resources.",
        "text": "<@UA6DUCVSR> set the channel purpose: A  channel for members to view all given resources.",
        "type": "message",
        "subtype": "channel_purpose",
        "ts": "1525411025.000004"
    },
    {
        "type": "message",
        "user": "UA7SUSX47",
        "text": "Hello everyone. This is for those who haven't set up ubuntu yet. You can either 1) use ubuntu in a virtual environment (virtualbox) or 2) dual boot",
        "client_msg_id": "c39b0399-42f7-4654-8f92-409c3c3acca8",
        "ts": "1525412816.000040"
    },
    {
        "type": "message",
        "user": "UA7SUSX47",
        "text": "<https:\/\/youtu.be\/GGorVpzZQwA>",
        "client_msg_id": "30ca3253-bdcb-46b7-8103-1b839adddd5e",
        "attachments": [
            {
                "service_name": "YouTube",
                "service_url": "https:\/\/www.youtube.com\/",
                "title": "How to Install Ubuntu 16.04 LTS on VirtualBox in Windows 8 \/ Windows 10",
                "title_link": "https:\/\/youtu.be\/GGorVpzZQwA",
                "author_name": "ProgrammingKnowledge",
                "author_link": "https:\/\/www.youtube.com\/user\/ProgrammingKnowledge",
                "thumb_url": "https:\/\/i.ytimg.com\/vi\/GGorVpzZQwA\/hqdefault.jpg",
                "thumb_width": 480,
                "thumb_height": 360,
                "fallback": "YouTube Video: How to Install Ubuntu 16.04 LTS on VirtualBox in Windows 8 \/ Windows 10",
                "video_html": "<iframe width=\"400\" height=\"225\" src=\"https:\/\/www.youtube.com\/embed\/GGorVpzZQwA?feature=oembed&autoplay=1&iv_load_policy=3\" frameborder=\"0\" allow=\"autoplay; encrypted-media\" allowfullscreen><\/iframe>",
                "video_html_width": 400,
                "video_html_height": 225,
                "from_url": "https:\/\/youtu.be\/GGorVpzZQwA",
                "service_icon": "https:\/\/a.slack-edge.com\/2089\/img\/unfurl_icons\/youtube.png",
                "id": 1,
                "original_url": "https:\/\/youtu.be\/GGorVpzZQwA"
            }
        ],
        "ts": "1525412840.000049"
    },
    {
        "type": "message",
        "user": "UA7SUSX47",
        "text": "<https:\/\/youtu.be\/JvBZBfY5Pfc>",
        "client_msg_id": "cd826123-b77e-42b7-b7a9-28765e8ea62d",
        "attachments": [
            {
                "service_name": "YouTube",
                "service_url": "https:\/\/www.youtube.com\/",
                "title": "How to dual boot Windows and Ubuntu 16.04",
                "title_link": "https:\/\/youtu.be\/JvBZBfY5Pfc",
                "author_name": "NT Forever",
                "author_link": "https:\/\/www.youtube.com\/user\/NTOS1564",
                "thumb_url": "https:\/\/i.ytimg.com\/vi\/JvBZBfY5Pfc\/hqdefault.jpg",
                "thumb_width": 480,
                "thumb_height": 360,
                "fallback": "YouTube Video: How to dual boot Windows and Ubuntu 16.04",
                "video_html": "<iframe width=\"400\" height=\"225\" src=\"https:\/\/www.youtube.com\/embed\/JvBZBfY5Pfc?feature=oembed&autoplay=1&iv_load_policy=3\" frameborder=\"0\" allow=\"autoplay; encrypted-media\" allowfullscreen><\/iframe>",
                "video_html_width": 400,
                "video_html_height": 225,
                "from_url": "https:\/\/youtu.be\/JvBZBfY5Pfc",
                "service_icon": "https:\/\/a.slack-edge.com\/2089\/img\/unfurl_icons\/youtube.png",
                "id": 1,
                "original_url": "https:\/\/youtu.be\/JvBZBfY5Pfc"
            }
        ],
        "ts": "1525412907.000107"
    },
    {
        "type": "message",
        "user": "UA7SUSX47",
        "text": "Warning: Be extremely careful while trying to dual boot. You could lose data stored if not done properly. So better have a backup before trying to dual boot. If you follow instructions in the tutorial properly, there shouldn't be any problem.",
        "client_msg_id": "9f50b034-ac36-4e6d-ada4-955c12b648af",
        "ts": "1525413212.000039"
    },
    {
        "user": "UADKV7NKX",
        "text": "<@UADKV7NKX> has joined the channel",
        "type": "message",
        "subtype": "channel_join",
        "ts": "1525414815.000208"
    }
]