[
    {
        "user": "UAEKMR9AM",
        "text": "<@UAEKMR9AM> has joined the channel",
        "type": "message",
        "subtype": "channel_join",
        "ts": "1525424384.000263"
    },
    {
        "user": "UAD8N2D1A",
        "text": "<@UAD8N2D1A> has joined the channel",
        "type": "message",
        "subtype": "channel_join",
        "ts": "1525444101.000319"
    },
    {
        "type": "message",
        "user": "UA6DUCVSR",
        "text": "<https:\/\/education.github.com\/git-cheat-sheet-education.pdf>",
        "ts": "1525450901.000034"
    },
    {
        "type": "message",
        "user": "UA6DUCVSR",
        "text": "<https:\/\/confluence.atlassian.com\/bitbucketserver\/basic-git-commands-776639767.html>",
        "ts": "1525451805.000144"
    }
]