[
    {
        "id": "CA7B9J3M5",
        "name": "general",
        "created": "1523617724",
        "creator": "UA6DUCVSR",
        "is_archived": false,
        "is_general": true,
        "members": [
            "UA6DUCVSR",
            "UA7BD5T55",
            "UA7SUSX47",
            "UAD1J8E2D",
            "UAD8KTBRA",
            "UAD8N2D1A",
            "UADKV7NKX",
            "UADMM3X1T",
            "UAEKMR9AM",
            "UAEMU4PH7",
            "UAF2NH90S",
            "UAF3KTL64",
            "UAF6C58G4",
            "UAFA87D0R",
            "UAFM76USG",
            "UAFRTH4EP",
            "UAFRYU89G",
            "UAFSN3UD8",
            "UAG0QS4NR",
            "UAG1L0G1L",
            "UAG32HM9T",
            "UAG5M01EU",
            "UAG8150DQ",
            "UAGA30F89",
            "UAGAYM7V3",
            "UAGBF53T7",
            "UAGP6EYNS",
            "UAGS5RV5Y",
            "UAGT5K0FR",
            "UAH4JD7AS",
            "UAH5L3VAP",
            "UAHFFP1V0",
            "UAHKHQV0D",
            "UAHUQBNUX",
            "UAJ8116HJ"
        ],
        "topic": {
            "value": "Announcements and Important Messages",
            "creator": "UA6DUCVSR",
            "last_set": "1523618098"
        },
        "purpose": {
            "value": "This channel is for workspace-wide communication and announcements. All members are in this channel.",
            "creator": "UA6DUCVSR",
            "last_set": "1523617724"
        }
    },
    {
        "id": "CA7B9J48P",
        "name": "random",
        "created": "1523617724",
        "creator": "UA6DUCVSR",
        "is_archived": false,
        "is_general": false,
        "members": [
            "UA6DUCVSR",
            "UA7BD5T55",
            "UA7SUSX47",
            "UAD1J8E2D",
            "UAD8KTBRA",
            "UAD8N2D1A",
            "UADKV7NKX",
            "UADMM3X1T",
            "UAEKMR9AM",
            "UAEMU4PH7",
            "UAF2NH90S",
            "UAF3KTL64",
            "UAF6C58G4",
            "UAFA87D0R",
            "UAFM76USG",
            "UAFRTH4EP",
            "UAFRYU89G",
            "UAFSN3UD8",
            "UAG0QS4NR",
            "UAG1L0G1L",
            "UAG32HM9T",
            "UAG5M01EU",
            "UAG8150DQ",
            "UAGA30F89",
            "UAGAYM7V3",
            "UAGBF53T7",
            "UAGP6EYNS",
            "UAGS5RV5Y",
            "UAGT5K0FR",
            "UAH4JD7AS",
            "UAH5L3VAP",
            "UAHFFP1V0",
            "UAHKHQV0D",
            "UAHUQBNUX",
            "UAJ8116HJ"
        ],
        "topic": {
            "value": "Consider this an official spam channel :slightly_smiling_face: Use this channel to get to know one another!",
            "creator": "UA6DUCVSR",
            "last_set": "1523618070"
        },
        "purpose": {
            "value": "A place for non-work-related flimflam, faffing, hodge-podge or jibber-jabber you'd prefer to keep out of more focused work-related channels.",
            "creator": "UA6DUCVSR",
            "last_set": "1523617724"
        }
    },
    {
        "id": "CAJ498H2P",
        "name": "resources",
        "created": "1525410211",
        "creator": "UA6DUCVSR",
        "is_archived": false,
        "is_general": false,
        "members": [
            "UA6DUCVSR",
            "UA7BD5T55",
            "UA7SUSX47",
            "UAD8KTBRA",
            "UAD8N2D1A",
            "UADKV7NKX",
            "UAEKMR9AM",
            "UAEMU4PH7",
            "UAF3KTL64",
            "UAFRYU89G"
        ],
        "topic": {
            "value": "",
            "creator": "",
            "last_set": "0"
        },
        "purpose": {
            "value": "A  channel for members to view all given resources.",
            "creator": "UA6DUCVSR",
            "last_set": "1525411025"
        }
    },
    {
        "id": "CA5JTBVTJ",
        "name": "session",
        "created": "1523617994",
        "creator": "UA6DUCVSR",
        "is_archived": false,
        "is_general": false,
        "members": [
            "UA6DUCVSR",
            "UA7BD5T55",
            "UA7SUSX47",
            "UAD1J8E2D",
            "UAD8KTBRA",
            "UAD8N2D1A",
            "UADKV7NKX",
            "UADMM3X1T",
            "UAEKMR9AM",
            "UAEMU4PH7",
            "UAF2NH90S",
            "UAF3KTL64",
            "UAF6C58G4",
            "UAFA87D0R",
            "UAFM76USG",
            "UAFRTH4EP",
            "UAFRYU89G",
            "UAFSN3UD8",
            "UAG0QS4NR",
            "UAG1L0G1L",
            "UAG32HM9T",
            "UAG5M01EU",
            "UAG8150DQ",
            "UAGA30F89",
            "UAGAYM7V3",
            "UAGBF53T7",
            "UAGP6EYNS",
            "UAGS5RV5Y",
            "UAGT5K0FR",
            "UAH4JD7AS",
            "UAH5L3VAP",
            "UAHFFP1V0",
            "UAHKHQV0D",
            "UAHUQBNUX",
            "UAJ8116HJ"
        ],
        "topic": {
            "value": "All sessions will be conducted on this channel :slightly_smiling_face:",
            "creator": "UA6DUCVSR",
            "last_set": "1523618022"
        },
        "purpose": {
            "value": "",
            "creator": "",
            "last_set": "0"
        }
    }
]