[
    {
        "user_id": "UAD8N2D1A",
        "user_name": "vasthavip1998",
        "date": "1525334518",
        "change_type": "added",
        "app_type": "Simple Poll",
        "app_id": "A0HFW7MR6",
        "scope": "identity.basic,identity.email"
    },
    {
        "user_id": "UA7BD5T55",
        "user_name": "suraj1998",
        "date": "1525248359",
        "change_type": "added",
        "app_type": "Simple Poll",
        "app_id": "A0HFW7MR6",
        "scope": "identify,commands,chat:write:bot,reactions:write"
    }
]