[
    {
        "id": "UAEKMR9AM",
        "team_id": "TA5JRC46L",
        "name": "98.arpi",
        "deleted": false,
        "color": "99a949",
        "real_name": "Arpitha Raghunandan",
        "tz": "Asia\/Kolkata",
        "tz_label": "India Standard Time",
        "tz_offset": 19800,
        "profile": {
            "title": "",
            "phone": "",
            "skype": "",
            "real_name": "Arpitha Raghunandan",
            "real_name_normalized": "Arpitha Raghunandan",
            "display_name": "Arpitha",
            "display_name_normalized": "Arpitha",
            "fields": null,
            "status_text": "",
            "status_emoji": "",
            "status_expiration": 0,
            "avatar_hash": "gecac950200b",
            "image_24": "https:\/\/secure.gravatar.com\/avatar\/ecac950200bbb74143bd3ea8eab9e5b6.jpg?s=24&d=https%3A%2F%2Fa.slack-edge.com%2F66f9%2Fimg%2Favatars%2Fava_0005-24.png",
            "image_32": "https:\/\/secure.gravatar.com\/avatar\/ecac950200bbb74143bd3ea8eab9e5b6.jpg?s=32&d=https%3A%2F%2Fa.slack-edge.com%2F66f9%2Fimg%2Favatars%2Fava_0005-32.png",
            "image_48": "https:\/\/secure.gravatar.com\/avatar\/ecac950200bbb74143bd3ea8eab9e5b6.jpg?s=48&d=https%3A%2F%2Fa.slack-edge.com%2F66f9%2Fimg%2Favatars%2Fava_0005-48.png",
            "image_72": "https:\/\/secure.gravatar.com\/avatar\/ecac950200bbb74143bd3ea8eab9e5b6.jpg?s=72&d=https%3A%2F%2Fa.slack-edge.com%2F66f9%2Fimg%2Favatars%2Fava_0005-72.png",
            "image_192": "https:\/\/secure.gravatar.com\/avatar\/ecac950200bbb74143bd3ea8eab9e5b6.jpg?s=192&d=https%3A%2F%2Fa.slack-edge.com%2F7fa9%2Fimg%2Favatars%2Fava_0005-192.png",
            "image_512": "https:\/\/secure.gravatar.com\/avatar\/ecac950200bbb74143bd3ea8eab9e5b6.jpg?s=512&d=https%3A%2F%2Fa.slack-edge.com%2F7fa9%2Fimg%2Favatars%2Fava_0005-512.png",
            "team": "TA5JRC46L"
        },
        "is_admin": false,
        "is_owner": false,
        "is_primary_owner": false,
        "is_restricted": false,
        "is_ultra_restricted": false,
        "is_bot": false,
        "updated": 1524939680,
        "is_app_user": false
    },
    {
        "id": "UAGA30F89",
        "team_id": "TA5JRC46L",
        "name": "a3sajs",
        "deleted": false,
        "color": "d1707d",
        "real_name": "Ashwin Joisa",
        "tz": "Asia\/Kolkata",
        "tz_label": "India Standard Time",
        "tz_offset": 19800,
        "profile": {
            "title": "",
            "phone": "",
            "skype": "",
            "real_name": "Ashwin Joisa",
            "real_name_normalized": "Ashwin Joisa",
            "display_name": "Ashwin Joisa",
            "display_name_normalized": "Ashwin Joisa",
            "fields": null,
            "status_text": "",
            "status_emoji": "",
            "status_expiration": 0,
            "avatar_hash": "gdda8238eb92",
            "image_24": "https:\/\/secure.gravatar.com\/avatar\/dda8238eb92a2026d7468e7a879d5607.jpg?s=24&d=https%3A%2F%2Fa.slack-edge.com%2F66f9%2Fimg%2Favatars%2Fava_0026-24.png",
            "image_32": "https:\/\/secure.gravatar.com\/avatar\/dda8238eb92a2026d7468e7a879d5607.jpg?s=32&d=https%3A%2F%2Fa.slack-edge.com%2F0180%2Fimg%2Favatars%2Fava_0026-32.png",
            "image_48": "https:\/\/secure.gravatar.com\/avatar\/dda8238eb92a2026d7468e7a879d5607.jpg?s=48&d=https%3A%2F%2Fa.slack-edge.com%2F272a%2Fimg%2Favatars%2Fava_0026-48.png",
            "image_72": "https:\/\/secure.gravatar.com\/avatar\/dda8238eb92a2026d7468e7a879d5607.jpg?s=72&d=https%3A%2F%2Fa.slack-edge.com%2F66f9%2Fimg%2Favatars%2Fava_0026-72.png",
            "image_192": "https:\/\/secure.gravatar.com\/avatar\/dda8238eb92a2026d7468e7a879d5607.jpg?s=192&d=https%3A%2F%2Fa.slack-edge.com%2F7fa9%2Fimg%2Favatars%2Fava_0026-192.png",
            "image_512": "https:\/\/secure.gravatar.com\/avatar\/dda8238eb92a2026d7468e7a879d5607.jpg?s=512&d=https%3A%2F%2Fa.slack-edge.com%2F7fa9%2Fimg%2Favatars%2Fava_0026-512.png",
            "team": "TA5JRC46L"
        },
        "is_admin": false,
        "is_owner": false,
        "is_primary_owner": false,
        "is_restricted": false,
        "is_ultra_restricted": false,
        "is_bot": false,
        "updated": 1525247809,
        "is_app_user": false
    },
    {
        "id": "UAG32HM9T",
        "team_id": "TA5JRC46L",
        "name": "aaron191999",
        "deleted": false,
        "color": "c386df",
        "real_name": "Aaron Sequeira",
        "tz": "America\/Los_Angeles",
        "tz_label": "Pacific Daylight Time",
        "tz_offset": -25200,
        "profile": {
            "title": "",
            "phone": "",
            "skype": "",
            "real_name": "Aaron Sequeira",
            "real_name_normalized": "Aaron Sequeira",
            "display_name": "",
            "display_name_normalized": "",
            "fields": null,
            "status_text": "",
            "status_emoji": "",
            "status_expiration": 0,
            "avatar_hash": "g92bbbe446ee",
            "image_24": "https:\/\/secure.gravatar.com\/avatar\/92bbbe446ee2a51bb64480820291a8ef.jpg?s=24&d=https%3A%2F%2Fa.slack-edge.com%2F66f9%2Fimg%2Favatars%2Fava_0014-24.png",
            "image_32": "https:\/\/secure.gravatar.com\/avatar\/92bbbe446ee2a51bb64480820291a8ef.jpg?s=32&d=https%3A%2F%2Fa.slack-edge.com%2F66f9%2Fimg%2Favatars%2Fava_0014-32.png",
            "image_48": "https:\/\/secure.gravatar.com\/avatar\/92bbbe446ee2a51bb64480820291a8ef.jpg?s=48&d=https%3A%2F%2Fa.slack-edge.com%2F66f9%2Fimg%2Favatars%2Fava_0014-48.png",
            "image_72": "https:\/\/secure.gravatar.com\/avatar\/92bbbe446ee2a51bb64480820291a8ef.jpg?s=72&d=https%3A%2F%2Fa.slack-edge.com%2F66f9%2Fimg%2Favatars%2Fava_0014-72.png",
            "image_192": "https:\/\/secure.gravatar.com\/avatar\/92bbbe446ee2a51bb64480820291a8ef.jpg?s=192&d=https%3A%2F%2Fa.slack-edge.com%2F7fa9%2Fimg%2Favatars%2Fava_0014-192.png",
            "image_512": "https:\/\/secure.gravatar.com\/avatar\/92bbbe446ee2a51bb64480820291a8ef.jpg?s=512&d=https%3A%2F%2Fa.slack-edge.com%2F7fa9%2Fimg%2Favatars%2Fava_0014-512.png",
            "team": "TA5JRC46L"
        },
        "is_admin": false,
        "is_owner": false,
        "is_primary_owner": false,
        "is_restricted": false,
        "is_ultra_restricted": false,
        "is_bot": false,
        "updated": 1525110684,
        "is_app_user": false
    },
    {
        "id": "UAEMU4PH7",
        "team_id": "TA5JRC46L",
        "name": "adwait.gautham",
        "deleted": false,
        "color": "df3dc0",
        "real_name": "Adwaith V Gautham",
        "tz": "Asia\/Kolkata",
        "tz_label": "India Standard Time",
        "tz_offset": 19800,
        "profile": {
            "title": "",
            "phone": "",
            "skype": "",
            "real_name": "Adwaith V Gautham",
            "real_name_normalized": "Adwaith V Gautham",
            "display_name": "adwait1-g",
            "display_name_normalized": "adwait1-g",
            "fields": [],
            "status_text": "",
            "status_emoji": "",
            "status_expiration": 0,
            "avatar_hash": "gdf70d9f74a3",
            "first_name": "Adwaith",
            "last_name": "V Gautham",
            "image_24": "https:\/\/secure.gravatar.com\/avatar\/df70d9f74a3fdf13d2ad969687956074.jpg?s=24&d=https%3A%2F%2Fa.slack-edge.com%2F66f9%2Fimg%2Favatars%2Fava_0015-24.png",
            "image_32": "https:\/\/secure.gravatar.com\/avatar\/df70d9f74a3fdf13d2ad969687956074.jpg?s=32&d=https%3A%2F%2Fa.slack-edge.com%2F66f9%2Fimg%2Favatars%2Fava_0015-32.png",
            "image_48": "https:\/\/secure.gravatar.com\/avatar\/df70d9f74a3fdf13d2ad969687956074.jpg?s=48&d=https%3A%2F%2Fa.slack-edge.com%2F66f9%2Fimg%2Favatars%2Fava_0015-48.png",
            "image_72": "https:\/\/secure.gravatar.com\/avatar\/df70d9f74a3fdf13d2ad969687956074.jpg?s=72&d=https%3A%2F%2Fa.slack-edge.com%2F66f9%2Fimg%2Favatars%2Fava_0015-72.png",
            "image_192": "https:\/\/secure.gravatar.com\/avatar\/df70d9f74a3fdf13d2ad969687956074.jpg?s=192&d=https%3A%2F%2Fa.slack-edge.com%2F7fa9%2Fimg%2Favatars%2Fava_0015-192.png",
            "image_512": "https:\/\/secure.gravatar.com\/avatar\/df70d9f74a3fdf13d2ad969687956074.jpg?s=512&d=https%3A%2F%2Fa.slack-edge.com%2F7fa9%2Fimg%2Favatars%2Fava_0015-512.png",
            "team": "TA5JRC46L"
        },
        "is_admin": true,
        "is_owner": true,
        "is_primary_owner": false,
        "is_restricted": false,
        "is_ultra_restricted": false,
        "is_bot": false,
        "updated": 1525410479,
        "is_app_user": false
    },
    {
        "id": "UAH5L3VAP",
        "team_id": "TA5JRC46L",
        "name": "akash30121998",
        "deleted": false,
        "color": "8f4a2b",
        "real_name": "Akash Nair",
        "tz": "Asia\/Kolkata",
        "tz_label": "India Standard Time",
        "tz_offset": 19800,
        "profile": {
            "title": "",
            "phone": "",
            "skype": "",
            "real_name": "Akash Nair",
            "real_name_normalized": "Akash Nair",
            "display_name": "Akash",
            "display_name_normalized": "Akash",
            "fields": null,
            "status_text": "",
            "status_emoji": "",
            "status_expiration": 0,
            "avatar_hash": "gf2118b51ea5",
            "image_24": "https:\/\/secure.gravatar.com\/avatar\/f2118b51ea5d52a79a74f7452210b4da.jpg?s=24&d=https%3A%2F%2Fa.slack-edge.com%2F66f9%2Fimg%2Favatars%2Fava_0008-24.png",
            "image_32": "https:\/\/secure.gravatar.com\/avatar\/f2118b51ea5d52a79a74f7452210b4da.jpg?s=32&d=https%3A%2F%2Fa.slack-edge.com%2F66f9%2Fimg%2Favatars%2Fava_0008-32.png",
            "image_48": "https:\/\/secure.gravatar.com\/avatar\/f2118b51ea5d52a79a74f7452210b4da.jpg?s=48&d=https%3A%2F%2Fa.slack-edge.com%2F66f9%2Fimg%2Favatars%2Fava_0008-48.png",
            "image_72": "https:\/\/secure.gravatar.com\/avatar\/f2118b51ea5d52a79a74f7452210b4da.jpg?s=72&d=https%3A%2F%2Fa.slack-edge.com%2F66f9%2Fimg%2Favatars%2Fava_0008-72.png",
            "image_192": "https:\/\/secure.gravatar.com\/avatar\/f2118b51ea5d52a79a74f7452210b4da.jpg?s=192&d=https%3A%2F%2Fa.slack-edge.com%2F7fa9%2Fimg%2Favatars%2Fava_0008-192.png",
            "image_512": "https:\/\/secure.gravatar.com\/avatar\/f2118b51ea5d52a79a74f7452210b4da.jpg?s=512&d=https%3A%2F%2Fa.slack-edge.com%2F7fa9%2Fimg%2Favatars%2Fava_0008-512.png",
            "team": "TA5JRC46L"
        },
        "is_admin": false,
        "is_owner": false,
        "is_primary_owner": false,
        "is_restricted": false,
        "is_ultra_restricted": false,
        "is_bot": false,
        "updated": 1525285931,
        "is_app_user": false
    },
    {
        "id": "UAJ8116HJ",
        "team_id": "TA5JRC46L",
        "name": "ambareesh.prakash",
        "deleted": false,
        "color": "a2a5dc",
        "real_name": "Anonymous Axolotl",
        "tz": "Asia\/Kolkata",
        "tz_label": "India Standard Time",
        "tz_offset": 19800,
        "profile": {
            "title": "",
            "phone": "",
            "skype": "",
            "real_name": "Anonymous Axolotl",
            "real_name_normalized": "Anonymous Axolotl",
            "display_name": "Axolotl",
            "display_name_normalized": "Axolotl",
            "fields": [],
            "status_text": "",
            "status_emoji": "",
            "status_expiration": 0,
            "avatar_hash": "e164ad5fcf36",
            "image_original": "https:\/\/avatars.slack-edge.com\/2018-05-04\/358519596162_e164ad5fcf36a98dc759_original.jpg",
            "first_name": "Anonymous",
            "last_name": "Axolotl",
            "image_24": "https:\/\/avatars.slack-edge.com\/2018-05-04\/358519596162_e164ad5fcf36a98dc759_24.jpg",
            "image_32": "https:\/\/avatars.slack-edge.com\/2018-05-04\/358519596162_e164ad5fcf36a98dc759_32.jpg",
            "image_48": "https:\/\/avatars.slack-edge.com\/2018-05-04\/358519596162_e164ad5fcf36a98dc759_48.jpg",
            "image_72": "https:\/\/avatars.slack-edge.com\/2018-05-04\/358519596162_e164ad5fcf36a98dc759_72.jpg",
            "image_192": "https:\/\/avatars.slack-edge.com\/2018-05-04\/358519596162_e164ad5fcf36a98dc759_192.jpg",
            "image_512": "https:\/\/avatars.slack-edge.com\/2018-05-04\/358519596162_e164ad5fcf36a98dc759_512.jpg",
            "image_1024": "https:\/\/avatars.slack-edge.com\/2018-05-04\/358519596162_e164ad5fcf36a98dc759_1024.jpg",
            "team": "TA5JRC46L"
        },
        "is_admin": false,
        "is_owner": false,
        "is_primary_owner": false,
        "is_restricted": false,
        "is_ultra_restricted": false,
        "is_bot": false,
        "updated": 1525445736,
        "is_app_user": false
    },
    {
        "id": "UAFM76USG",
        "team_id": "TA5JRC46L",
        "name": "anish.india1299",
        "deleted": false,
        "color": "53b759",
        "real_name": "Anish Arvind Patil",
        "tz": "Asia\/Kolkata",
        "tz_label": "India Standard Time",
        "tz_offset": 19800,
        "profile": {
            "title": "",
            "phone": "",
            "skype": "",
            "real_name": "Anish Arvind Patil",
            "real_name_normalized": "Anish Arvind Patil",
            "display_name": "Anish",
            "display_name_normalized": "Anish",
            "fields": null,
            "status_text": "",
            "status_emoji": "",
            "status_expiration": 0,
            "avatar_hash": "gb02ff5d65b8",
            "image_24": "https:\/\/secure.gravatar.com\/avatar\/b02ff5d65b85729138ece456f547669c.jpg?s=24&d=https%3A%2F%2Fa.slack-edge.com%2F0180%2Fimg%2Favatars%2Fava_0025-24.png",
            "image_32": "https:\/\/secure.gravatar.com\/avatar\/b02ff5d65b85729138ece456f547669c.jpg?s=32&d=https%3A%2F%2Fa.slack-edge.com%2F66f9%2Fimg%2Favatars%2Fava_0025-32.png",
            "image_48": "https:\/\/secure.gravatar.com\/avatar\/b02ff5d65b85729138ece456f547669c.jpg?s=48&d=https%3A%2F%2Fa.slack-edge.com%2F66f9%2Fimg%2Favatars%2Fava_0025-48.png",
            "image_72": "https:\/\/secure.gravatar.com\/avatar\/b02ff5d65b85729138ece456f547669c.jpg?s=72&d=https%3A%2F%2Fa.slack-edge.com%2F66f9%2Fimg%2Favatars%2Fava_0025-72.png",
            "image_192": "https:\/\/secure.gravatar.com\/avatar\/b02ff5d65b85729138ece456f547669c.jpg?s=192&d=https%3A%2F%2Fa.slack-edge.com%2F7fa9%2Fimg%2Favatars%2Fava_0025-192.png",
            "image_512": "https:\/\/secure.gravatar.com\/avatar\/b02ff5d65b85729138ece456f547669c.jpg?s=512&d=https%3A%2F%2Fa.slack-edge.com%2F7fa9%2Fimg%2Favatars%2Fava_0025-512.png",
            "team": "TA5JRC46L"
        },
        "is_admin": false,
        "is_owner": false,
        "is_primary_owner": false,
        "is_restricted": false,
        "is_ultra_restricted": false,
        "is_bot": false,
        "updated": 1525109057,
        "is_app_user": false
    },
    {
        "id": "UAG5M01EU",
        "team_id": "TA5JRC46L",
        "name": "anuzenith29",
        "deleted": false,
        "color": "d55aef",
        "real_name": "Anumeha",
        "tz": "America\/Los_Angeles",
        "tz_label": "Pacific Daylight Time",
        "tz_offset": -25200,
        "profile": {
            "title": "",
            "phone": "",
            "skype": "",
            "real_name": "Anumeha",
            "real_name_normalized": "Anumeha",
            "display_name": "",
            "display_name_normalized": "",
            "fields": null,
            "status_text": "",
            "status_emoji": "",
            "status_expiration": 0,
            "avatar_hash": "g6dd0a1bd58a",
            "image_24": "https:\/\/secure.gravatar.com\/avatar\/6dd0a1bd58a4bb793531b5698463fd1f.jpg?s=24&d=https%3A%2F%2Fa.slack-edge.com%2F66f9%2Fimg%2Favatars%2Fava_0019-24.png",
            "image_32": "https:\/\/secure.gravatar.com\/avatar\/6dd0a1bd58a4bb793531b5698463fd1f.jpg?s=32&d=https%3A%2F%2Fa.slack-edge.com%2F66f9%2Fimg%2Favatars%2Fava_0019-32.png",
            "image_48": "https:\/\/secure.gravatar.com\/avatar\/6dd0a1bd58a4bb793531b5698463fd1f.jpg?s=48&d=https%3A%2F%2Fa.slack-edge.com%2F66f9%2Fimg%2Favatars%2Fava_0019-48.png",
            "image_72": "https:\/\/secure.gravatar.com\/avatar\/6dd0a1bd58a4bb793531b5698463fd1f.jpg?s=72&d=https%3A%2F%2Fa.slack-edge.com%2F66f9%2Fimg%2Favatars%2Fava_0019-72.png",
            "image_192": "https:\/\/secure.gravatar.com\/avatar\/6dd0a1bd58a4bb793531b5698463fd1f.jpg?s=192&d=https%3A%2F%2Fa.slack-edge.com%2F7fa9%2Fimg%2Favatars%2Fava_0019-192.png",
            "image_512": "https:\/\/secure.gravatar.com\/avatar\/6dd0a1bd58a4bb793531b5698463fd1f.jpg?s=512&d=https%3A%2F%2Fa.slack-edge.com%2F7fa9%2Fimg%2Favatars%2Fava_0019-512.png",
            "team": "TA5JRC46L"
        },
        "is_admin": false,
        "is_owner": false,
        "is_primary_owner": false,
        "is_restricted": false,
        "is_ultra_restricted": false,
        "is_bot": false,
        "updated": 1525247737,
        "is_app_user": false
    },
    {
        "id": "UAFA87D0R",
        "team_id": "TA5JRC46L",
        "name": "chetlurkrishna99",
        "deleted": false,
        "color": "db3150",
        "real_name": "Chetlur Krishna",
        "tz": "Asia\/Kolkata",
        "tz_label": "India Standard Time",
        "tz_offset": 19800,
        "profile": {
            "title": "",
            "phone": "",
            "skype": "",
            "real_name": "Chetlur Krishna",
            "real_name_normalized": "Chetlur Krishna",
            "display_name": "Ceekay",
            "display_name_normalized": "Ceekay",
            "fields": null,
            "status_text": "",
            "status_emoji": "",
            "status_expiration": 0,
            "avatar_hash": "gc81da0fe73e",
            "image_24": "https:\/\/secure.gravatar.com\/avatar\/c81da0fe73ef5efa6dab45ab494437d3.jpg?s=24&d=https%3A%2F%2Fa.slack-edge.com%2F66f9%2Fimg%2Favatars%2Fava_0006-24.png",
            "image_32": "https:\/\/secure.gravatar.com\/avatar\/c81da0fe73ef5efa6dab45ab494437d3.jpg?s=32&d=https%3A%2F%2Fa.slack-edge.com%2F66f9%2Fimg%2Favatars%2Fava_0006-32.png",
            "image_48": "https:\/\/secure.gravatar.com\/avatar\/c81da0fe73ef5efa6dab45ab494437d3.jpg?s=48&d=https%3A%2F%2Fa.slack-edge.com%2F66f9%2Fimg%2Favatars%2Fava_0006-48.png",
            "image_72": "https:\/\/secure.gravatar.com\/avatar\/c81da0fe73ef5efa6dab45ab494437d3.jpg?s=72&d=https%3A%2F%2Fa.slack-edge.com%2F66f9%2Fimg%2Favatars%2Fava_0006-72.png",
            "image_192": "https:\/\/secure.gravatar.com\/avatar\/c81da0fe73ef5efa6dab45ab494437d3.jpg?s=192&d=https%3A%2F%2Fa.slack-edge.com%2F7fa9%2Fimg%2Favatars%2Fava_0006-192.png",
            "image_512": "https:\/\/secure.gravatar.com\/avatar\/c81da0fe73ef5efa6dab45ab494437d3.jpg?s=512&d=https%3A%2F%2Fa.slack-edge.com%2F7fa9%2Fimg%2Favatars%2Fava_0006-512.png",
            "team": "TA5JRC46L"
        },
        "is_admin": false,
        "is_owner": false,
        "is_primary_owner": false,
        "is_restricted": false,
        "is_ultra_restricted": false,
        "is_bot": false,
        "updated": 1525104813,
        "is_app_user": false
    },
    {
        "id": "UAGP6EYNS",
        "team_id": "TA5JRC46L",
        "name": "deviparvathi18",
        "deleted": false,
        "color": "235e5b",
        "real_name": "Devishi Suresh",
        "tz": "Asia\/Kolkata",
        "tz_label": "India Standard Time",
        "tz_offset": 19800,
        "profile": {
            "title": "",
            "phone": "",
            "skype": "",
            "real_name": "Devishi Suresh",
            "real_name_normalized": "Devishi Suresh",
            "display_name": "",
            "display_name_normalized": "",
            "fields": null,
            "status_text": "",
            "status_emoji": "",
            "status_expiration": 0,
            "avatar_hash": "g7c22f5a25d4",
            "image_24": "https:\/\/secure.gravatar.com\/avatar\/7c22f5a25d4fc1d1720c4d3326f65ed3.jpg?s=24&d=https%3A%2F%2Fa.slack-edge.com%2F66f9%2Fimg%2Favatars%2Fava_0013-24.png",
            "image_32": "https:\/\/secure.gravatar.com\/avatar\/7c22f5a25d4fc1d1720c4d3326f65ed3.jpg?s=32&d=https%3A%2F%2Fa.slack-edge.com%2F0180%2Fimg%2Favatars%2Fava_0013-32.png",
            "image_48": "https:\/\/secure.gravatar.com\/avatar\/7c22f5a25d4fc1d1720c4d3326f65ed3.jpg?s=48&d=https%3A%2F%2Fa.slack-edge.com%2F66f9%2Fimg%2Favatars%2Fava_0013-48.png",
            "image_72": "https:\/\/secure.gravatar.com\/avatar\/7c22f5a25d4fc1d1720c4d3326f65ed3.jpg?s=72&d=https%3A%2F%2Fa.slack-edge.com%2F66f9%2Fimg%2Favatars%2Fava_0013-72.png",
            "image_192": "https:\/\/secure.gravatar.com\/avatar\/7c22f5a25d4fc1d1720c4d3326f65ed3.jpg?s=192&d=https%3A%2F%2Fa.slack-edge.com%2F7fa9%2Fimg%2Favatars%2Fava_0013-192.png",
            "image_512": "https:\/\/secure.gravatar.com\/avatar\/7c22f5a25d4fc1d1720c4d3326f65ed3.jpg?s=512&d=https%3A%2F%2Fa.slack-edge.com%2F7fa9%2Fimg%2Favatars%2Fava_0013-512.png",
            "team": "TA5JRC46L"
        },
        "is_admin": false,
        "is_owner": false,
        "is_primary_owner": false,
        "is_restricted": false,
        "is_ultra_restricted": false,
        "is_bot": false,
        "updated": 1525104896,
        "is_app_user": false
    },
    {
        "id": "UAD8KTBRA",
        "team_id": "TA5JRC46L",
        "name": "hehaichi",
        "deleted": false,
        "color": "3c989f",
        "real_name": "Rakshith",
        "tz": "America\/Los_Angeles",
        "tz_label": "Pacific Daylight Time",
        "tz_offset": -25200,
        "profile": {
            "title": "",
            "phone": "",
            "skype": "",
            "real_name": "Rakshith",
            "real_name_normalized": "Rakshith",
            "display_name": "",
            "display_name_normalized": "",
            "fields": null,
            "status_text": "",
            "status_emoji": "",
            "status_expiration": 0,
            "avatar_hash": "ga7430f5c322",
            "image_24": "https:\/\/secure.gravatar.com\/avatar\/a7430f5c32274e955dabf3ff1d20db54.jpg?s=24&d=https%3A%2F%2Fa.slack-edge.com%2F66f9%2Fimg%2Favatars%2Fava_0007-24.png",
            "image_32": "https:\/\/secure.gravatar.com\/avatar\/a7430f5c32274e955dabf3ff1d20db54.jpg?s=32&d=https%3A%2F%2Fa.slack-edge.com%2F66f9%2Fimg%2Favatars%2Fava_0007-32.png",
            "image_48": "https:\/\/secure.gravatar.com\/avatar\/a7430f5c32274e955dabf3ff1d20db54.jpg?s=48&d=https%3A%2F%2Fa.slack-edge.com%2F66f9%2Fimg%2Favatars%2Fava_0007-48.png",
            "image_72": "https:\/\/secure.gravatar.com\/avatar\/a7430f5c32274e955dabf3ff1d20db54.jpg?s=72&d=https%3A%2F%2Fa.slack-edge.com%2F66f9%2Fimg%2Favatars%2Fava_0007-72.png",
            "image_192": "https:\/\/secure.gravatar.com\/avatar\/a7430f5c32274e955dabf3ff1d20db54.jpg?s=192&d=https%3A%2F%2Fa.slack-edge.com%2F7fa9%2Fimg%2Favatars%2Fava_0007-192.png",
            "image_512": "https:\/\/secure.gravatar.com\/avatar\/a7430f5c32274e955dabf3ff1d20db54.jpg?s=512&d=https%3A%2F%2Fa.slack-edge.com%2F7fa9%2Fimg%2Favatars%2Fava_0007-512.png",
            "team": "TA5JRC46L"
        },
        "is_admin": false,
        "is_owner": false,
        "is_primary_owner": false,
        "is_restricted": false,
        "is_ultra_restricted": false,
        "is_bot": false,
        "updated": 1524726611,
        "is_app_user": false
    },
    {
        "id": "UAHKHQV0D",
        "team_id": "TA5JRC46L",
        "name": "hsr.pranav",
        "deleted": false,
        "color": "de5f24",
        "real_name": "Pranav",
        "tz": "Asia\/Kolkata",
        "tz_label": "India Standard Time",
        "tz_offset": 19800,
        "profile": {
            "title": "",
            "phone": "",
            "skype": "",
            "real_name": "Pranav",
            "real_name_normalized": "Pranav",
            "display_name": "Pranav",
            "display_name_normalized": "Pranav",
            "fields": null,
            "status_text": "",
            "status_emoji": "",
            "status_expiration": 0,
            "avatar_hash": "g65f90a98064",
            "image_24": "https:\/\/secure.gravatar.com\/avatar\/65f90a980641187e3bc3ddf3184796b9.jpg?s=24&d=https%3A%2F%2Fa.slack-edge.com%2F0180%2Fimg%2Favatars%2Fava_0021-24.png",
            "image_32": "https:\/\/secure.gravatar.com\/avatar\/65f90a980641187e3bc3ddf3184796b9.jpg?s=32&d=https%3A%2F%2Fa.slack-edge.com%2F66f9%2Fimg%2Favatars%2Fava_0021-32.png",
            "image_48": "https:\/\/secure.gravatar.com\/avatar\/65f90a980641187e3bc3ddf3184796b9.jpg?s=48&d=https%3A%2F%2Fa.slack-edge.com%2F3654%2Fimg%2Favatars%2Fava_0021-48.png",
            "image_72": "https:\/\/secure.gravatar.com\/avatar\/65f90a980641187e3bc3ddf3184796b9.jpg?s=72&d=https%3A%2F%2Fa.slack-edge.com%2F66f9%2Fimg%2Favatars%2Fava_0021-72.png",
            "image_192": "https:\/\/secure.gravatar.com\/avatar\/65f90a980641187e3bc3ddf3184796b9.jpg?s=192&d=https%3A%2F%2Fa.slack-edge.com%2F7fa9%2Fimg%2Favatars%2Fava_0021-192.png",
            "image_512": "https:\/\/secure.gravatar.com\/avatar\/65f90a980641187e3bc3ddf3184796b9.jpg?s=512&d=https%3A%2F%2Fa.slack-edge.com%2F7fa9%2Fimg%2Favatars%2Fava_0021-512.png",
            "team": "TA5JRC46L"
        },
        "is_admin": false,
        "is_owner": false,
        "is_primary_owner": false,
        "is_restricted": false,
        "is_ultra_restricted": false,
        "is_bot": false,
        "updated": 1525319547,
        "is_app_user": false
    },
    {
        "id": "UAG1L0G1L",
        "team_id": "TA5JRC46L",
        "name": "jelwin13afc",
        "deleted": false,
        "color": "2b6836",
        "real_name": "Jelwin Rodrigues",
        "tz": "America\/Los_Angeles",
        "tz_label": "Pacific Daylight Time",
        "tz_offset": -25200,
        "profile": {
            "title": "",
            "phone": "",
            "skype": "",
            "real_name": "Jelwin Rodrigues",
            "real_name_normalized": "Jelwin Rodrigues",
            "display_name": "",
            "display_name_normalized": "",
            "fields": null,
            "status_text": "",
            "status_emoji": "",
            "status_expiration": 0,
            "avatar_hash": "g8d9029efce7",
            "image_24": "https:\/\/secure.gravatar.com\/avatar\/8d9029efce7e7cc0ad3de55652308c43.jpg?s=24&d=https%3A%2F%2Fa.slack-edge.com%2F66f9%2Fimg%2Favatars%2Fava_0016-24.png",
            "image_32": "https:\/\/secure.gravatar.com\/avatar\/8d9029efce7e7cc0ad3de55652308c43.jpg?s=32&d=https%3A%2F%2Fa.slack-edge.com%2F66f9%2Fimg%2Favatars%2Fava_0016-32.png",
            "image_48": "https:\/\/secure.gravatar.com\/avatar\/8d9029efce7e7cc0ad3de55652308c43.jpg?s=48&d=https%3A%2F%2Fa.slack-edge.com%2F66f9%2Fimg%2Favatars%2Fava_0016-48.png",
            "image_72": "https:\/\/secure.gravatar.com\/avatar\/8d9029efce7e7cc0ad3de55652308c43.jpg?s=72&d=https%3A%2F%2Fa.slack-edge.com%2F66f9%2Fimg%2Favatars%2Fava_0016-72.png",
            "image_192": "https:\/\/secure.gravatar.com\/avatar\/8d9029efce7e7cc0ad3de55652308c43.jpg?s=192&d=https%3A%2F%2Fa.slack-edge.com%2F7fa9%2Fimg%2Favatars%2Fava_0016-192.png",
            "image_512": "https:\/\/secure.gravatar.com\/avatar\/8d9029efce7e7cc0ad3de55652308c43.jpg?s=512&d=https%3A%2F%2Fa.slack-edge.com%2F7fa9%2Fimg%2Favatars%2Fava_0016-512.png",
            "team": "TA5JRC46L"
        },
        "is_admin": false,
        "is_owner": false,
        "is_primary_owner": false,
        "is_restricted": false,
        "is_ultra_restricted": false,
        "is_bot": false,
        "updated": 1524924595,
        "is_app_user": false
    },
    {
        "id": "UAGAYM7V3",
        "team_id": "TA5JRC46L",
        "name": "jeshvanthtk",
        "deleted": false,
        "color": "a63024",
        "real_name": "Jeshventh",
        "tz": "Asia\/Kolkata",
        "tz_label": "India Standard Time",
        "tz_offset": 19800,
        "profile": {
            "title": "",
            "phone": "",
            "skype": "",
            "real_name": "Jeshventh",
            "real_name_normalized": "Jeshventh",
            "display_name": "",
            "display_name_normalized": "",
            "fields": null,
            "status_text": "",
            "status_emoji": "",
            "status_expiration": 0,
            "avatar_hash": "g62945311d0d",
            "image_24": "https:\/\/secure.gravatar.com\/avatar\/62945311d0dd0c3f452ec6502bc0fa4f.jpg?s=24&d=https%3A%2F%2Fa.slack-edge.com%2F66f9%2Fimg%2Favatars%2Fava_0009-24.png",
            "image_32": "https:\/\/secure.gravatar.com\/avatar\/62945311d0dd0c3f452ec6502bc0fa4f.jpg?s=32&d=https%3A%2F%2Fa.slack-edge.com%2F66f9%2Fimg%2Favatars%2Fava_0009-32.png",
            "image_48": "https:\/\/secure.gravatar.com\/avatar\/62945311d0dd0c3f452ec6502bc0fa4f.jpg?s=48&d=https%3A%2F%2Fa.slack-edge.com%2F66f9%2Fimg%2Favatars%2Fava_0009-48.png",
            "image_72": "https:\/\/secure.gravatar.com\/avatar\/62945311d0dd0c3f452ec6502bc0fa4f.jpg?s=72&d=https%3A%2F%2Fa.slack-edge.com%2F66f9%2Fimg%2Favatars%2Fava_0009-72.png",
            "image_192": "https:\/\/secure.gravatar.com\/avatar\/62945311d0dd0c3f452ec6502bc0fa4f.jpg?s=192&d=https%3A%2F%2Fa.slack-edge.com%2F7fa9%2Fimg%2Favatars%2Fava_0009-192.png",
            "image_512": "https:\/\/secure.gravatar.com\/avatar\/62945311d0dd0c3f452ec6502bc0fa4f.jpg?s=512&d=https%3A%2F%2Fa.slack-edge.com%2F7fa9%2Fimg%2Favatars%2Fava_0009-512.png",
            "team": "TA5JRC46L"
        },
        "is_admin": false,
        "is_owner": false,
        "is_primary_owner": false,
        "is_restricted": false,
        "is_ultra_restricted": false,
        "is_bot": false,
        "updated": 1525148321,
        "is_app_user": false
    },
    {
        "id": "UAF3KTL64",
        "team_id": "TA5JRC46L",
        "name": "kaushikskalmady",
        "deleted": false,
        "color": "9b3b45",
        "real_name": "Kaushik S Kalmady",
        "tz": "America\/Los_Angeles",
        "tz_label": "Pacific Daylight Time",
        "tz_offset": -25200,
        "profile": {
            "title": "",
            "phone": "",
            "skype": "",
            "real_name": "Kaushik S Kalmady",
            "real_name_normalized": "Kaushik S Kalmady",
            "display_name": "",
            "display_name_normalized": "",
            "fields": null,
            "status_text": "",
            "status_emoji": "",
            "status_expiration": 0,
            "avatar_hash": "g7f40ab51e99",
            "image_24": "https:\/\/secure.gravatar.com\/avatar\/7f40ab51e999ca3edfda187e916f976b.jpg?s=24&d=https%3A%2F%2Fa.slack-edge.com%2F66f9%2Fimg%2Favatars%2Fava_0012-24.png",
            "image_32": "https:\/\/secure.gravatar.com\/avatar\/7f40ab51e999ca3edfda187e916f976b.jpg?s=32&d=https%3A%2F%2Fa.slack-edge.com%2F66f9%2Fimg%2Favatars%2Fava_0012-32.png",
            "image_48": "https:\/\/secure.gravatar.com\/avatar\/7f40ab51e999ca3edfda187e916f976b.jpg?s=48&d=https%3A%2F%2Fa.slack-edge.com%2F66f9%2Fimg%2Favatars%2Fava_0012-48.png",
            "image_72": "https:\/\/secure.gravatar.com\/avatar\/7f40ab51e999ca3edfda187e916f976b.jpg?s=72&d=https%3A%2F%2Fa.slack-edge.com%2F66f9%2Fimg%2Favatars%2Fava_0012-72.png",
            "image_192": "https:\/\/secure.gravatar.com\/avatar\/7f40ab51e999ca3edfda187e916f976b.jpg?s=192&d=https%3A%2F%2Fa.slack-edge.com%2F7fa9%2Fimg%2Favatars%2Fava_0012-192.png",
            "image_512": "https:\/\/secure.gravatar.com\/avatar\/7f40ab51e999ca3edfda187e916f976b.jpg?s=512&d=https%3A%2F%2Fa.slack-edge.com%2F7fa9%2Fimg%2Favatars%2Fava_0012-512.png",
            "team": "TA5JRC46L"
        },
        "is_admin": false,
        "is_owner": false,
        "is_primary_owner": false,
        "is_restricted": false,
        "is_ultra_restricted": false,
        "is_bot": false,
        "updated": 1525099755,
        "is_app_user": false
    },
    {
        "id": "UADMM3X1T",
        "team_id": "TA5JRC46L",
        "name": "kushshah481999",
        "deleted": false,
        "color": "684b6c",
        "real_name": "Kush Shah",
        "tz": "America\/Los_Angeles",
        "tz_label": "Pacific Daylight Time",
        "tz_offset": -25200,
        "profile": {
            "title": "",
            "phone": "",
            "skype": "",
            "real_name": "Kush Shah",
            "real_name_normalized": "Kush Shah",
            "display_name": "",
            "display_name_normalized": "",
            "fields": null,
            "status_text": "",
            "status_emoji": "",
            "status_expiration": 0,
            "avatar_hash": "g169a041d241",
            "image_24": "https:\/\/secure.gravatar.com\/avatar\/169a041d2416c2648cb7c29d9fae8045.jpg?s=24&d=https%3A%2F%2Fa.slack-edge.com%2F66f9%2Fimg%2Favatars%2Fava_0005-24.png",
            "image_32": "https:\/\/secure.gravatar.com\/avatar\/169a041d2416c2648cb7c29d9fae8045.jpg?s=32&d=https%3A%2F%2Fa.slack-edge.com%2F66f9%2Fimg%2Favatars%2Fava_0005-32.png",
            "image_48": "https:\/\/secure.gravatar.com\/avatar\/169a041d2416c2648cb7c29d9fae8045.jpg?s=48&d=https%3A%2F%2Fa.slack-edge.com%2F66f9%2Fimg%2Favatars%2Fava_0005-48.png",
            "image_72": "https:\/\/secure.gravatar.com\/avatar\/169a041d2416c2648cb7c29d9fae8045.jpg?s=72&d=https%3A%2F%2Fa.slack-edge.com%2F66f9%2Fimg%2Favatars%2Fava_0005-72.png",
            "image_192": "https:\/\/secure.gravatar.com\/avatar\/169a041d2416c2648cb7c29d9fae8045.jpg?s=192&d=https%3A%2F%2Fa.slack-edge.com%2F7fa9%2Fimg%2Favatars%2Fava_0005-192.png",
            "image_512": "https:\/\/secure.gravatar.com\/avatar\/169a041d2416c2648cb7c29d9fae8045.jpg?s=512&d=https%3A%2F%2Fa.slack-edge.com%2F7fa9%2Fimg%2Favatars%2Fava_0005-512.png",
            "team": "TA5JRC46L"
        },
        "is_admin": false,
        "is_owner": false,
        "is_primary_owner": false,
        "is_restricted": false,
        "is_ultra_restricted": false,
        "is_bot": false,
        "updated": 1524734704,
        "is_app_user": false
    },
    {
        "id": "UA6DUCVSR",
        "team_id": "TA5JRC46L",
        "name": "mahirjain25",
        "deleted": false,
        "color": "9f69e7",
        "real_name": "Mahir Jain",
        "tz": "Asia\/Kolkata",
        "tz_label": "India Standard Time",
        "tz_offset": 19800,
        "profile": {
            "title": "",
            "phone": "",
            "skype": "",
            "real_name": "Mahir Jain",
            "real_name_normalized": "Mahir Jain",
            "display_name": "Mahir",
            "display_name_normalized": "Mahir",
            "fields": null,
            "status_text": "",
            "status_emoji": "",
            "status_expiration": 0,
            "avatar_hash": "g7fba1868c33",
            "image_24": "https:\/\/secure.gravatar.com\/avatar\/7fba1868c3320a000a55b6bf49789f7b.jpg?s=24&d=https%3A%2F%2Fa.slack-edge.com%2F66f9%2Fimg%2Favatars%2Fava_0023-24.png",
            "image_32": "https:\/\/secure.gravatar.com\/avatar\/7fba1868c3320a000a55b6bf49789f7b.jpg?s=32&d=https%3A%2F%2Fa.slack-edge.com%2F66f9%2Fimg%2Favatars%2Fava_0023-32.png",
            "image_48": "https:\/\/secure.gravatar.com\/avatar\/7fba1868c3320a000a55b6bf49789f7b.jpg?s=48&d=https%3A%2F%2Fa.slack-edge.com%2F66f9%2Fimg%2Favatars%2Fava_0023-48.png",
            "image_72": "https:\/\/secure.gravatar.com\/avatar\/7fba1868c3320a000a55b6bf49789f7b.jpg?s=72&d=https%3A%2F%2Fa.slack-edge.com%2F3654%2Fimg%2Favatars%2Fava_0023-72.png",
            "image_192": "https:\/\/secure.gravatar.com\/avatar\/7fba1868c3320a000a55b6bf49789f7b.jpg?s=192&d=https%3A%2F%2Fa.slack-edge.com%2F7fa9%2Fimg%2Favatars%2Fava_0023-192.png",
            "image_512": "https:\/\/secure.gravatar.com\/avatar\/7fba1868c3320a000a55b6bf49789f7b.jpg?s=512&d=https%3A%2F%2Fa.slack-edge.com%2F7fa9%2Fimg%2Favatars%2Fava_0023-512.png",
            "team": "TA5JRC46L"
        },
        "is_admin": true,
        "is_owner": true,
        "is_primary_owner": true,
        "is_restricted": false,
        "is_ultra_restricted": false,
        "is_bot": false,
        "updated": 1523617724,
        "is_app_user": false
    },
    {
        "id": "UAFSN3UD8",
        "team_id": "TA5JRC46L",
        "name": "nakulsuresh98",
        "deleted": false,
        "color": "9e3997",
        "real_name": "Nakul Suresh",
        "tz": "Asia\/Kolkata",
        "tz_label": "India Standard Time",
        "tz_offset": 19800,
        "profile": {
            "title": "",
            "phone": "",
            "skype": "",
            "real_name": "Nakul Suresh",
            "real_name_normalized": "Nakul Suresh",
            "display_name": "",
            "display_name_normalized": "",
            "fields": null,
            "status_text": "",
            "status_emoji": "",
            "status_expiration": 0,
            "avatar_hash": "g93dedea0a16",
            "image_24": "https:\/\/secure.gravatar.com\/avatar\/93dedea0a16266cbcdf09fd219c1b788.jpg?s=24&d=https%3A%2F%2Fa.slack-edge.com%2F66f9%2Fimg%2Favatars%2Fava_0013-24.png",
            "image_32": "https:\/\/secure.gravatar.com\/avatar\/93dedea0a16266cbcdf09fd219c1b788.jpg?s=32&d=https%3A%2F%2Fa.slack-edge.com%2F0180%2Fimg%2Favatars%2Fava_0013-32.png",
            "image_48": "https:\/\/secure.gravatar.com\/avatar\/93dedea0a16266cbcdf09fd219c1b788.jpg?s=48&d=https%3A%2F%2Fa.slack-edge.com%2F66f9%2Fimg%2Favatars%2Fava_0013-48.png",
            "image_72": "https:\/\/secure.gravatar.com\/avatar\/93dedea0a16266cbcdf09fd219c1b788.jpg?s=72&d=https%3A%2F%2Fa.slack-edge.com%2F66f9%2Fimg%2Favatars%2Fava_0013-72.png",
            "image_192": "https:\/\/secure.gravatar.com\/avatar\/93dedea0a16266cbcdf09fd219c1b788.jpg?s=192&d=https%3A%2F%2Fa.slack-edge.com%2F7fa9%2Fimg%2Favatars%2Fava_0013-192.png",
            "image_512": "https:\/\/secure.gravatar.com\/avatar\/93dedea0a16266cbcdf09fd219c1b788.jpg?s=512&d=https%3A%2F%2Fa.slack-edge.com%2F7fa9%2Fimg%2Favatars%2Fava_0013-512.png",
            "team": "TA5JRC46L"
        },
        "is_admin": false,
        "is_owner": false,
        "is_primary_owner": false,
        "is_restricted": false,
        "is_ultra_restricted": false,
        "is_bot": false,
        "updated": 1525105716,
        "is_app_user": false
    },
    {
        "id": "UAG0QS4NR",
        "team_id": "TA5JRC46L",
        "name": "niranjanrao1509",
        "deleted": false,
        "color": "5a4592",
        "real_name": "Niranjan Rao",
        "tz": "Asia\/Kolkata",
        "tz_label": "India Standard Time",
        "tz_offset": 19800,
        "profile": {
            "title": "",
            "phone": "",
            "skype": "",
            "real_name": "Niranjan Rao",
            "real_name_normalized": "Niranjan Rao",
            "display_name": "nrr1509",
            "display_name_normalized": "nrr1509",
            "fields": null,
            "status_text": "",
            "status_emoji": "",
            "status_expiration": 0,
            "avatar_hash": "g95aa1243228",
            "image_24": "https:\/\/secure.gravatar.com\/avatar\/95aa12432280f5fe83c0b28417e31187.jpg?s=24&d=https%3A%2F%2Fa.slack-edge.com%2F66f9%2Fimg%2Favatars%2Fava_0014-24.png",
            "image_32": "https:\/\/secure.gravatar.com\/avatar\/95aa12432280f5fe83c0b28417e31187.jpg?s=32&d=https%3A%2F%2Fa.slack-edge.com%2F66f9%2Fimg%2Favatars%2Fava_0014-32.png",
            "image_48": "https:\/\/secure.gravatar.com\/avatar\/95aa12432280f5fe83c0b28417e31187.jpg?s=48&d=https%3A%2F%2Fa.slack-edge.com%2F66f9%2Fimg%2Favatars%2Fava_0014-48.png",
            "image_72": "https:\/\/secure.gravatar.com\/avatar\/95aa12432280f5fe83c0b28417e31187.jpg?s=72&d=https%3A%2F%2Fa.slack-edge.com%2F66f9%2Fimg%2Favatars%2Fava_0014-72.png",
            "image_192": "https:\/\/secure.gravatar.com\/avatar\/95aa12432280f5fe83c0b28417e31187.jpg?s=192&d=https%3A%2F%2Fa.slack-edge.com%2F7fa9%2Fimg%2Favatars%2Fava_0014-192.png",
            "image_512": "https:\/\/secure.gravatar.com\/avatar\/95aa12432280f5fe83c0b28417e31187.jpg?s=512&d=https%3A%2F%2Fa.slack-edge.com%2F7fa9%2Fimg%2Favatars%2Fava_0014-512.png",
            "team": "TA5JRC46L"
        },
        "is_admin": false,
        "is_owner": false,
        "is_primary_owner": false,
        "is_restricted": false,
        "is_ultra_restricted": false,
        "is_bot": false,
        "updated": 1525104383,
        "is_app_user": false
    },
    {
        "id": "UAGS5RV5Y",
        "team_id": "TA5JRC46L",
        "name": "nishanthebbar",
        "deleted": false,
        "color": "43761b",
        "real_name": "Itachi",
        "tz": "America\/Los_Angeles",
        "tz_label": "Pacific Daylight Time",
        "tz_offset": -25200,
        "profile": {
            "title": "",
            "phone": "",
            "skype": "",
            "real_name": "Itachi",
            "real_name_normalized": "Itachi",
            "display_name": "",
            "display_name_normalized": "",
            "fields": null,
            "status_text": "",
            "status_emoji": "",
            "status_expiration": 0,
            "avatar_hash": "gdb035fc075a",
            "image_24": "https:\/\/secure.gravatar.com\/avatar\/db035fc075ad160db95f5a830c4a4988.jpg?s=24&d=https%3A%2F%2Fa.slack-edge.com%2F66f9%2Fimg%2Favatars%2Fava_0001-24.png",
            "image_32": "https:\/\/secure.gravatar.com\/avatar\/db035fc075ad160db95f5a830c4a4988.jpg?s=32&d=https%3A%2F%2Fa.slack-edge.com%2F66f9%2Fimg%2Favatars%2Fava_0001-32.png",
            "image_48": "https:\/\/secure.gravatar.com\/avatar\/db035fc075ad160db95f5a830c4a4988.jpg?s=48&d=https%3A%2F%2Fa.slack-edge.com%2F0180%2Fimg%2Favatars%2Fava_0001-48.png",
            "image_72": "https:\/\/secure.gravatar.com\/avatar\/db035fc075ad160db95f5a830c4a4988.jpg?s=72&d=https%3A%2F%2Fa.slack-edge.com%2F3654%2Fimg%2Favatars%2Fava_0001-72.png",
            "image_192": "https:\/\/secure.gravatar.com\/avatar\/db035fc075ad160db95f5a830c4a4988.jpg?s=192&d=https%3A%2F%2Fa.slack-edge.com%2F7fa9%2Fimg%2Favatars%2Fava_0001-192.png",
            "image_512": "https:\/\/secure.gravatar.com\/avatar\/db035fc075ad160db95f5a830c4a4988.jpg?s=512&d=https%3A%2F%2Fa.slack-edge.com%2F7fa9%2Fimg%2Favatars%2Fava_0001-512.png",
            "team": "TA5JRC46L"
        },
        "is_admin": false,
        "is_owner": false,
        "is_primary_owner": false,
        "is_restricted": false,
        "is_ultra_restricted": false,
        "is_bot": false,
        "updated": 1525247984,
        "is_app_user": false
    },
    {
        "id": "UAGBF53T7",
        "team_id": "TA5JRC46L",
        "name": "niwedita.dakshana2017",
        "deleted": false,
        "color": "5870dd",
        "real_name": "Niwedita",
        "tz": "Asia\/Kolkata",
        "tz_label": "India Standard Time",
        "tz_offset": 19800,
        "profile": {
            "title": "",
            "phone": "",
            "skype": "",
            "real_name": "Niwedita",
            "real_name_normalized": "Niwedita",
            "display_name": "Niwedita",
            "display_name_normalized": "Niwedita",
            "fields": null,
            "status_text": "",
            "status_emoji": "",
            "status_expiration": 0,
            "avatar_hash": "geca9595ef78",
            "image_24": "https:\/\/secure.gravatar.com\/avatar\/eca9595ef781b3434a547b7d9dcc229d.jpg?s=24&d=https%3A%2F%2Fa.slack-edge.com%2F66f9%2Fimg%2Favatars%2Fava_0018-24.png",
            "image_32": "https:\/\/secure.gravatar.com\/avatar\/eca9595ef781b3434a547b7d9dcc229d.jpg?s=32&d=https%3A%2F%2Fa.slack-edge.com%2F66f9%2Fimg%2Favatars%2Fava_0018-32.png",
            "image_48": "https:\/\/secure.gravatar.com\/avatar\/eca9595ef781b3434a547b7d9dcc229d.jpg?s=48&d=https%3A%2F%2Fa.slack-edge.com%2F66f9%2Fimg%2Favatars%2Fava_0018-48.png",
            "image_72": "https:\/\/secure.gravatar.com\/avatar\/eca9595ef781b3434a547b7d9dcc229d.jpg?s=72&d=https%3A%2F%2Fa.slack-edge.com%2F3654%2Fimg%2Favatars%2Fava_0018-72.png",
            "image_192": "https:\/\/secure.gravatar.com\/avatar\/eca9595ef781b3434a547b7d9dcc229d.jpg?s=192&d=https%3A%2F%2Fa.slack-edge.com%2F7fa9%2Fimg%2Favatars%2Fava_0018-192.png",
            "image_512": "https:\/\/secure.gravatar.com\/avatar\/eca9595ef781b3434a547b7d9dcc229d.jpg?s=512&d=https%3A%2F%2Fa.slack-edge.com%2F7fa9%2Fimg%2Favatars%2Fava_0018-512.png",
            "team": "TA5JRC46L"
        },
        "is_admin": false,
        "is_owner": false,
        "is_primary_owner": false,
        "is_restricted": false,
        "is_ultra_restricted": false,
        "is_bot": false,
        "updated": 1525153606,
        "is_app_user": false
    },
    {
        "id": "UAG8150DQ",
        "team_id": "TA5JRC46L",
        "name": "ranjanakrishnamurthy1",
        "deleted": false,
        "color": "50a0cf",
        "real_name": "Ranjana Krishnamurthy",
        "tz": "Asia\/Kolkata",
        "tz_label": "India Standard Time",
        "tz_offset": 19800,
        "profile": {
            "title": "",
            "phone": "",
            "skype": "",
            "real_name": "Ranjana Krishnamurthy",
            "real_name_normalized": "Ranjana Krishnamurthy",
            "display_name": "Ranjana K",
            "display_name_normalized": "Ranjana K",
            "fields": null,
            "status_text": "",
            "status_emoji": "",
            "status_expiration": 0,
            "avatar_hash": "g61b81ffbbd3",
            "image_24": "https:\/\/secure.gravatar.com\/avatar\/61b81ffbbd3c416be819ef11522d9202.jpg?s=24&d=https%3A%2F%2Fa.slack-edge.com%2F66f9%2Fimg%2Favatars%2Fava_0015-24.png",
            "image_32": "https:\/\/secure.gravatar.com\/avatar\/61b81ffbbd3c416be819ef11522d9202.jpg?s=32&d=https%3A%2F%2Fa.slack-edge.com%2F66f9%2Fimg%2Favatars%2Fava_0015-32.png",
            "image_48": "https:\/\/secure.gravatar.com\/avatar\/61b81ffbbd3c416be819ef11522d9202.jpg?s=48&d=https%3A%2F%2Fa.slack-edge.com%2F66f9%2Fimg%2Favatars%2Fava_0015-48.png",
            "image_72": "https:\/\/secure.gravatar.com\/avatar\/61b81ffbbd3c416be819ef11522d9202.jpg?s=72&d=https%3A%2F%2Fa.slack-edge.com%2F66f9%2Fimg%2Favatars%2Fava_0015-72.png",
            "image_192": "https:\/\/secure.gravatar.com\/avatar\/61b81ffbbd3c416be819ef11522d9202.jpg?s=192&d=https%3A%2F%2Fa.slack-edge.com%2F7fa9%2Fimg%2Favatars%2Fava_0015-192.png",
            "image_512": "https:\/\/secure.gravatar.com\/avatar\/61b81ffbbd3c416be819ef11522d9202.jpg?s=512&d=https%3A%2F%2Fa.slack-edge.com%2F7fa9%2Fimg%2Favatars%2Fava_0015-512.png",
            "team": "TA5JRC46L"
        },
        "is_admin": false,
        "is_owner": false,
        "is_primary_owner": false,
        "is_restricted": false,
        "is_ultra_restricted": false,
        "is_bot": false,
        "updated": 1525159974,
        "is_app_user": false
    },
    {
        "id": "UADKV7NKX",
        "team_id": "TA5JRC46L",
        "name": "rohitmp99",
        "deleted": false,
        "color": "e96699",
        "real_name": "Rohit M P",
        "tz": "America\/Los_Angeles",
        "tz_label": "Pacific Daylight Time",
        "tz_offset": -25200,
        "profile": {
            "title": "",
            "phone": "",
            "skype": "",
            "real_name": "Rohit M P",
            "real_name_normalized": "Rohit M P",
            "display_name": "",
            "display_name_normalized": "",
            "fields": null,
            "status_text": "",
            "status_emoji": "",
            "status_expiration": 0,
            "avatar_hash": "g4a60e968888",
            "image_24": "https:\/\/secure.gravatar.com\/avatar\/4a60e968888c67ff1eb036eca0493347.jpg?s=24&d=https%3A%2F%2Fa.slack-edge.com%2F66f9%2Fimg%2Favatars%2Fava_0019-24.png",
            "image_32": "https:\/\/secure.gravatar.com\/avatar\/4a60e968888c67ff1eb036eca0493347.jpg?s=32&d=https%3A%2F%2Fa.slack-edge.com%2F66f9%2Fimg%2Favatars%2Fava_0019-32.png",
            "image_48": "https:\/\/secure.gravatar.com\/avatar\/4a60e968888c67ff1eb036eca0493347.jpg?s=48&d=https%3A%2F%2Fa.slack-edge.com%2F66f9%2Fimg%2Favatars%2Fava_0019-48.png",
            "image_72": "https:\/\/secure.gravatar.com\/avatar\/4a60e968888c67ff1eb036eca0493347.jpg?s=72&d=https%3A%2F%2Fa.slack-edge.com%2F66f9%2Fimg%2Favatars%2Fava_0019-72.png",
            "image_192": "https:\/\/secure.gravatar.com\/avatar\/4a60e968888c67ff1eb036eca0493347.jpg?s=192&d=https%3A%2F%2Fa.slack-edge.com%2F7fa9%2Fimg%2Favatars%2Fava_0019-192.png",
            "image_512": "https:\/\/secure.gravatar.com\/avatar\/4a60e968888c67ff1eb036eca0493347.jpg?s=512&d=https%3A%2F%2Fa.slack-edge.com%2F7fa9%2Fimg%2Favatars%2Fava_0019-512.png",
            "team": "TA5JRC46L"
        },
        "is_admin": false,
        "is_owner": false,
        "is_primary_owner": false,
        "is_restricted": false,
        "is_ultra_restricted": false,
        "is_bot": false,
        "updated": 1524728703,
        "is_app_user": false
    },
    {
        "id": "UAD1J8E2D",
        "team_id": "TA5JRC46L",
        "name": "ryan.rozario1999",
        "deleted": false,
        "color": "e0a729",
        "real_name": "Ryan Rozario",
        "tz": "America\/Los_Angeles",
        "tz_label": "Pacific Daylight Time",
        "tz_offset": -25200,
        "profile": {
            "title": "",
            "phone": "",
            "skype": "",
            "real_name": "Ryan Rozario",
            "real_name_normalized": "Ryan Rozario",
            "display_name": "",
            "display_name_normalized": "",
            "fields": null,
            "status_text": "",
            "status_emoji": "",
            "status_expiration": 0,
            "avatar_hash": "g8fbdcc586d5",
            "image_24": "https:\/\/secure.gravatar.com\/avatar\/8fbdcc586d52614e26dba943d5ca04e8.jpg?s=24&d=https%3A%2F%2Fa.slack-edge.com%2F66f9%2Fimg%2Favatars%2Fava_0016-24.png",
            "image_32": "https:\/\/secure.gravatar.com\/avatar\/8fbdcc586d52614e26dba943d5ca04e8.jpg?s=32&d=https%3A%2F%2Fa.slack-edge.com%2F66f9%2Fimg%2Favatars%2Fava_0016-32.png",
            "image_48": "https:\/\/secure.gravatar.com\/avatar\/8fbdcc586d52614e26dba943d5ca04e8.jpg?s=48&d=https%3A%2F%2Fa.slack-edge.com%2F66f9%2Fimg%2Favatars%2Fava_0016-48.png",
            "image_72": "https:\/\/secure.gravatar.com\/avatar\/8fbdcc586d52614e26dba943d5ca04e8.jpg?s=72&d=https%3A%2F%2Fa.slack-edge.com%2F66f9%2Fimg%2Favatars%2Fava_0016-72.png",
            "image_192": "https:\/\/secure.gravatar.com\/avatar\/8fbdcc586d52614e26dba943d5ca04e8.jpg?s=192&d=https%3A%2F%2Fa.slack-edge.com%2F7fa9%2Fimg%2Favatars%2Fava_0016-192.png",
            "image_512": "https:\/\/secure.gravatar.com\/avatar\/8fbdcc586d52614e26dba943d5ca04e8.jpg?s=512&d=https%3A%2F%2Fa.slack-edge.com%2F7fa9%2Fimg%2Favatars%2Fava_0016-512.png",
            "team": "TA5JRC46L"
        },
        "is_admin": false,
        "is_owner": false,
        "is_primary_owner": false,
        "is_restricted": false,
        "is_ultra_restricted": false,
        "is_bot": false,
        "updated": 1524734697,
        "is_app_user": false
    },
    {
        "id": "UAF6C58G4",
        "team_id": "TA5JRC46L",
        "name": "saur.agarwala",
        "deleted": false,
        "color": "4cc091",
        "real_name": "Saurabh Agarwala",
        "tz": "America\/Los_Angeles",
        "tz_label": "Pacific Daylight Time",
        "tz_offset": -25200,
        "profile": {
            "title": "",
            "phone": "",
            "skype": "",
            "real_name": "Saurabh Agarwala",
            "real_name_normalized": "Saurabh Agarwala",
            "display_name": "",
            "display_name_normalized": "",
            "fields": null,
            "status_text": "",
            "status_emoji": "",
            "status_expiration": 0,
            "avatar_hash": "ga69a8b42de4",
            "image_24": "https:\/\/secure.gravatar.com\/avatar\/a69a8b42de43c3916e61e2bebf4e48ee.jpg?s=24&d=https%3A%2F%2Fa.slack-edge.com%2F66f9%2Fimg%2Favatars%2Fava_0024-24.png",
            "image_32": "https:\/\/secure.gravatar.com\/avatar\/a69a8b42de43c3916e61e2bebf4e48ee.jpg?s=32&d=https%3A%2F%2Fa.slack-edge.com%2F66f9%2Fimg%2Favatars%2Fava_0024-32.png",
            "image_48": "https:\/\/secure.gravatar.com\/avatar\/a69a8b42de43c3916e61e2bebf4e48ee.jpg?s=48&d=https%3A%2F%2Fa.slack-edge.com%2F66f9%2Fimg%2Favatars%2Fava_0024-48.png",
            "image_72": "https:\/\/secure.gravatar.com\/avatar\/a69a8b42de43c3916e61e2bebf4e48ee.jpg?s=72&d=https%3A%2F%2Fa.slack-edge.com%2F66f9%2Fimg%2Favatars%2Fava_0024-72.png",
            "image_192": "https:\/\/secure.gravatar.com\/avatar\/a69a8b42de43c3916e61e2bebf4e48ee.jpg?s=192&d=https%3A%2F%2Fa.slack-edge.com%2F7fa9%2Fimg%2Favatars%2Fava_0024-192.png",
            "image_512": "https:\/\/secure.gravatar.com\/avatar\/a69a8b42de43c3916e61e2bebf4e48ee.jpg?s=512&d=https%3A%2F%2Fa.slack-edge.com%2F7fa9%2Fimg%2Favatars%2Fava_0024-512.png",
            "team": "TA5JRC46L"
        },
        "is_admin": false,
        "is_owner": false,
        "is_primary_owner": false,
        "is_restricted": false,
        "is_ultra_restricted": false,
        "is_bot": false,
        "updated": 1525031469,
        "is_app_user": false
    },
    {
        "id": "UA7SUSX47",
        "team_id": "TA5JRC46L",
        "name": "shashankp5424",
        "deleted": false,
        "color": "e7392d",
        "real_name": "Shashank P",
        "tz": "America\/Los_Angeles",
        "tz_label": "Pacific Daylight Time",
        "tz_offset": -25200,
        "profile": {
            "title": "",
            "phone": "",
            "skype": "",
            "real_name": "Shashank P",
            "real_name_normalized": "Shashank P",
            "display_name": "",
            "display_name_normalized": "",
            "fields": null,
            "status_text": "",
            "status_emoji": "",
            "status_expiration": 0,
            "avatar_hash": "gc705570e5c6",
            "image_24": "https:\/\/secure.gravatar.com\/avatar\/c705570e5c61d4e7cf60c544bf50a520.jpg?s=24&d=https%3A%2F%2Fa.slack-edge.com%2F66f9%2Fimg%2Favatars%2Fava_0005-24.png",
            "image_32": "https:\/\/secure.gravatar.com\/avatar\/c705570e5c61d4e7cf60c544bf50a520.jpg?s=32&d=https%3A%2F%2Fa.slack-edge.com%2F66f9%2Fimg%2Favatars%2Fava_0005-32.png",
            "image_48": "https:\/\/secure.gravatar.com\/avatar\/c705570e5c61d4e7cf60c544bf50a520.jpg?s=48&d=https%3A%2F%2Fa.slack-edge.com%2F66f9%2Fimg%2Favatars%2Fava_0005-48.png",
            "image_72": "https:\/\/secure.gravatar.com\/avatar\/c705570e5c61d4e7cf60c544bf50a520.jpg?s=72&d=https%3A%2F%2Fa.slack-edge.com%2F66f9%2Fimg%2Favatars%2Fava_0005-72.png",
            "image_192": "https:\/\/secure.gravatar.com\/avatar\/c705570e5c61d4e7cf60c544bf50a520.jpg?s=192&d=https%3A%2F%2Fa.slack-edge.com%2F7fa9%2Fimg%2Favatars%2Fava_0005-192.png",
            "image_512": "https:\/\/secure.gravatar.com\/avatar\/c705570e5c61d4e7cf60c544bf50a520.jpg?s=512&d=https%3A%2F%2Fa.slack-edge.com%2F7fa9%2Fimg%2Favatars%2Fava_0005-512.png",
            "team": "TA5JRC46L"
        },
        "is_admin": true,
        "is_owner": true,
        "is_primary_owner": false,
        "is_restricted": false,
        "is_ultra_restricted": false,
        "is_bot": false,
        "updated": 1525410507,
        "is_app_user": false
    },
    {
        "id": "UAF2NH90S",
        "team_id": "TA5JRC46L",
        "name": "shaswata11711",
        "deleted": false,
        "color": "5b89d5",
        "real_name": "Shaswata Bose",
        "tz": "Asia\/Kolkata",
        "tz_label": "India Standard Time",
        "tz_offset": 19800,
        "profile": {
            "title": "",
            "phone": "",
            "skype": "",
            "real_name": "Shaswata Bose",
            "real_name_normalized": "Shaswata Bose",
            "display_name": "",
            "display_name_normalized": "",
            "fields": null,
            "status_text": "",
            "status_emoji": "",
            "status_expiration": 0,
            "avatar_hash": "g30d76a1a71c",
            "first_name": "Shaswata",
            "last_name": "Bose",
            "image_24": "https:\/\/secure.gravatar.com\/avatar\/30d76a1a71ce90877ad3af41255ca36a.jpg?s=24&d=https%3A%2F%2Fa.slack-edge.com%2F66f9%2Fimg%2Favatars%2Fava_0019-24.png",
            "image_32": "https:\/\/secure.gravatar.com\/avatar\/30d76a1a71ce90877ad3af41255ca36a.jpg?s=32&d=https%3A%2F%2Fa.slack-edge.com%2F66f9%2Fimg%2Favatars%2Fava_0019-32.png",
            "image_48": "https:\/\/secure.gravatar.com\/avatar\/30d76a1a71ce90877ad3af41255ca36a.jpg?s=48&d=https%3A%2F%2Fa.slack-edge.com%2F66f9%2Fimg%2Favatars%2Fava_0019-48.png",
            "image_72": "https:\/\/secure.gravatar.com\/avatar\/30d76a1a71ce90877ad3af41255ca36a.jpg?s=72&d=https%3A%2F%2Fa.slack-edge.com%2F66f9%2Fimg%2Favatars%2Fava_0019-72.png",
            "image_192": "https:\/\/secure.gravatar.com\/avatar\/30d76a1a71ce90877ad3af41255ca36a.jpg?s=192&d=https%3A%2F%2Fa.slack-edge.com%2F7fa9%2Fimg%2Favatars%2Fava_0019-192.png",
            "image_512": "https:\/\/secure.gravatar.com\/avatar\/30d76a1a71ce90877ad3af41255ca36a.jpg?s=512&d=https%3A%2F%2Fa.slack-edge.com%2F7fa9%2Fimg%2Favatars%2Fava_0019-512.png",
            "team": "TA5JRC46L"
        },
        "is_admin": false,
        "is_owner": false,
        "is_primary_owner": false,
        "is_restricted": false,
        "is_ultra_restricted": false,
        "is_bot": false,
        "updated": 1524902965,
        "is_app_user": false
    },
    {
        "id": "UAGT5K0FR",
        "team_id": "TA5JRC46L",
        "name": "shreyaar19",
        "deleted": false,
        "color": "d58247",
        "real_name": "Shreyaa.R",
        "tz": "America\/Los_Angeles",
        "tz_label": "Pacific Daylight Time",
        "tz_offset": -25200,
        "profile": {
            "title": "",
            "phone": "",
            "skype": "",
            "real_name": "Shreyaa.R",
            "real_name_normalized": "Shreyaa.R",
            "display_name": "",
            "display_name_normalized": "",
            "fields": null,
            "status_text": "",
            "status_emoji": "",
            "status_expiration": 0,
            "avatar_hash": "g1969f63b5da",
            "image_24": "https:\/\/secure.gravatar.com\/avatar\/1969f63b5dabe17db9efedb48797925f.jpg?s=24&d=https%3A%2F%2Fa.slack-edge.com%2F66f9%2Fimg%2Favatars%2Fava_0020-24.png",
            "image_32": "https:\/\/secure.gravatar.com\/avatar\/1969f63b5dabe17db9efedb48797925f.jpg?s=32&d=https%3A%2F%2Fa.slack-edge.com%2F0180%2Fimg%2Favatars%2Fava_0020-32.png",
            "image_48": "https:\/\/secure.gravatar.com\/avatar\/1969f63b5dabe17db9efedb48797925f.jpg?s=48&d=https%3A%2F%2Fa.slack-edge.com%2F66f9%2Fimg%2Favatars%2Fava_0020-48.png",
            "image_72": "https:\/\/secure.gravatar.com\/avatar\/1969f63b5dabe17db9efedb48797925f.jpg?s=72&d=https%3A%2F%2Fa.slack-edge.com%2F66f9%2Fimg%2Favatars%2Fava_0020-72.png",
            "image_192": "https:\/\/secure.gravatar.com\/avatar\/1969f63b5dabe17db9efedb48797925f.jpg?s=192&d=https%3A%2F%2Fa.slack-edge.com%2F7fa9%2Fimg%2Favatars%2Fava_0020-192.png",
            "image_512": "https:\/\/secure.gravatar.com\/avatar\/1969f63b5dabe17db9efedb48797925f.jpg?s=512&d=https%3A%2F%2Fa.slack-edge.com%2F7fa9%2Fimg%2Favatars%2Fava_0020-512.png",
            "team": "TA5JRC46L"
        },
        "is_admin": false,
        "is_owner": false,
        "is_primary_owner": false,
        "is_restricted": false,
        "is_ultra_restricted": false,
        "is_bot": false,
        "updated": 1525103511,
        "is_app_user": false
    },
    {
        "id": "UAHFFP1V0",
        "team_id": "TA5JRC46L",
        "name": "smarty1palak",
        "deleted": false,
        "color": "902d59",
        "real_name": "palak singhal",
        "tz": "Asia\/Kolkata",
        "tz_label": "India Standard Time",
        "tz_offset": 19800,
        "profile": {
            "title": "",
            "phone": "",
            "skype": "",
            "real_name": "palak singhal",
            "real_name_normalized": "palak singhal",
            "display_name": "palak singhal",
            "display_name_normalized": "palak singhal",
            "fields": null,
            "status_text": "",
            "status_emoji": "",
            "status_expiration": 0,
            "avatar_hash": "g8d42833f363",
            "image_24": "https:\/\/secure.gravatar.com\/avatar\/8d42833f363464cbebfa24873f4b28ae.jpg?s=24&d=https%3A%2F%2Fa.slack-edge.com%2F66f9%2Fimg%2Favatars%2Fava_0014-24.png",
            "image_32": "https:\/\/secure.gravatar.com\/avatar\/8d42833f363464cbebfa24873f4b28ae.jpg?s=32&d=https%3A%2F%2Fa.slack-edge.com%2F66f9%2Fimg%2Favatars%2Fava_0014-32.png",
            "image_48": "https:\/\/secure.gravatar.com\/avatar\/8d42833f363464cbebfa24873f4b28ae.jpg?s=48&d=https%3A%2F%2Fa.slack-edge.com%2F66f9%2Fimg%2Favatars%2Fava_0014-48.png",
            "image_72": "https:\/\/secure.gravatar.com\/avatar\/8d42833f363464cbebfa24873f4b28ae.jpg?s=72&d=https%3A%2F%2Fa.slack-edge.com%2F66f9%2Fimg%2Favatars%2Fava_0014-72.png",
            "image_192": "https:\/\/secure.gravatar.com\/avatar\/8d42833f363464cbebfa24873f4b28ae.jpg?s=192&d=https%3A%2F%2Fa.slack-edge.com%2F7fa9%2Fimg%2Favatars%2Fava_0014-192.png",
            "image_512": "https:\/\/secure.gravatar.com\/avatar\/8d42833f363464cbebfa24873f4b28ae.jpg?s=512&d=https%3A%2F%2Fa.slack-edge.com%2F7fa9%2Fimg%2Favatars%2Fava_0014-512.png",
            "team": "TA5JRC46L"
        },
        "is_admin": false,
        "is_owner": false,
        "is_primary_owner": false,
        "is_restricted": false,
        "is_ultra_restricted": false,
        "is_bot": false,
        "updated": 1525319192,
        "is_app_user": false
    },
    {
        "id": "UA7BD5T55",
        "team_id": "TA5JRC46L",
        "name": "suraj1998",
        "deleted": false,
        "color": "4bbe2e",
        "real_name": "Suraj Singh",
        "tz": "Asia\/Kolkata",
        "tz_label": "India Standard Time",
        "tz_offset": 19800,
        "profile": {
            "title": "",
            "phone": "",
            "skype": "",
            "real_name": "Suraj Singh",
            "real_name_normalized": "Suraj Singh",
            "display_name": "",
            "display_name_normalized": "",
            "fields": null,
            "status_text": "",
            "status_emoji": "",
            "status_expiration": 0,
            "avatar_hash": "gf9f08ae16c6",
            "image_24": "https:\/\/secure.gravatar.com\/avatar\/f9f08ae16c67d2623188f54147f99fe4.jpg?s=24&d=https%3A%2F%2Fa.slack-edge.com%2F0180%2Fimg%2Favatars%2Fava_0021-24.png",
            "image_32": "https:\/\/secure.gravatar.com\/avatar\/f9f08ae16c67d2623188f54147f99fe4.jpg?s=32&d=https%3A%2F%2Fa.slack-edge.com%2F66f9%2Fimg%2Favatars%2Fava_0021-32.png",
            "image_48": "https:\/\/secure.gravatar.com\/avatar\/f9f08ae16c67d2623188f54147f99fe4.jpg?s=48&d=https%3A%2F%2Fa.slack-edge.com%2F3654%2Fimg%2Favatars%2Fava_0021-48.png",
            "image_72": "https:\/\/secure.gravatar.com\/avatar\/f9f08ae16c67d2623188f54147f99fe4.jpg?s=72&d=https%3A%2F%2Fa.slack-edge.com%2F66f9%2Fimg%2Favatars%2Fava_0021-72.png",
            "image_192": "https:\/\/secure.gravatar.com\/avatar\/f9f08ae16c67d2623188f54147f99fe4.jpg?s=192&d=https%3A%2F%2Fa.slack-edge.com%2F7fa9%2Fimg%2Favatars%2Fava_0021-192.png",
            "image_512": "https:\/\/secure.gravatar.com\/avatar\/f9f08ae16c67d2623188f54147f99fe4.jpg?s=512&d=https%3A%2F%2Fa.slack-edge.com%2F7fa9%2Fimg%2Favatars%2Fava_0021-512.png",
            "team": "TA5JRC46L"
        },
        "is_admin": true,
        "is_owner": true,
        "is_primary_owner": false,
        "is_restricted": false,
        "is_ultra_restricted": false,
        "is_bot": false,
        "updated": 1525410494,
        "is_app_user": false
    },
    {
        "id": "UAFRYU89G",
        "team_id": "TA5JRC46L",
        "name": "swathibhat282",
        "deleted": false,
        "color": "bb86b7",
        "real_name": "Swathi Bhat",
        "tz": "America\/Los_Angeles",
        "tz_label": "Pacific Daylight Time",
        "tz_offset": -25200,
        "profile": {
            "title": "",
            "phone": "",
            "skype": "",
            "real_name": "Swathi Bhat",
            "real_name_normalized": "Swathi Bhat",
            "display_name": "",
            "display_name_normalized": "",
            "fields": null,
            "status_text": "",
            "status_emoji": "",
            "status_expiration": 0,
            "avatar_hash": "g9e1cf2e2f09",
            "first_name": "Swathi",
            "last_name": "Bhat",
            "image_24": "https:\/\/secure.gravatar.com\/avatar\/9e1cf2e2f09e323883e668a563130c77.jpg?s=24&d=https%3A%2F%2Fa.slack-edge.com%2F66f9%2Fimg%2Favatars%2Fava_0013-24.png",
            "image_32": "https:\/\/secure.gravatar.com\/avatar\/9e1cf2e2f09e323883e668a563130c77.jpg?s=32&d=https%3A%2F%2Fa.slack-edge.com%2F0180%2Fimg%2Favatars%2Fava_0013-32.png",
            "image_48": "https:\/\/secure.gravatar.com\/avatar\/9e1cf2e2f09e323883e668a563130c77.jpg?s=48&d=https%3A%2F%2Fa.slack-edge.com%2F66f9%2Fimg%2Favatars%2Fava_0013-48.png",
            "image_72": "https:\/\/secure.gravatar.com\/avatar\/9e1cf2e2f09e323883e668a563130c77.jpg?s=72&d=https%3A%2F%2Fa.slack-edge.com%2F66f9%2Fimg%2Favatars%2Fava_0013-72.png",
            "image_192": "https:\/\/secure.gravatar.com\/avatar\/9e1cf2e2f09e323883e668a563130c77.jpg?s=192&d=https%3A%2F%2Fa.slack-edge.com%2F7fa9%2Fimg%2Favatars%2Fava_0013-192.png",
            "image_512": "https:\/\/secure.gravatar.com\/avatar\/9e1cf2e2f09e323883e668a563130c77.jpg?s=512&d=https%3A%2F%2Fa.slack-edge.com%2F7fa9%2Fimg%2Favatars%2Fava_0013-512.png",
            "team": "TA5JRC46L"
        },
        "is_admin": false,
        "is_owner": false,
        "is_primary_owner": false,
        "is_restricted": false,
        "is_ultra_restricted": false,
        "is_bot": false,
        "updated": 1525104083,
        "is_app_user": false
    },
    {
        "id": "UAFRTH4EP",
        "team_id": "TA5JRC46L",
        "name": "vandana.swj",
        "deleted": false,
        "color": "385a86",
        "real_name": "Vandana Swaraj",
        "tz": "Asia\/Kolkata",
        "tz_label": "India Standard Time",
        "tz_offset": 19800,
        "profile": {
            "title": "",
            "phone": "",
            "skype": "",
            "real_name": "Vandana Swaraj",
            "real_name_normalized": "Vandana Swaraj",
            "display_name": "valkyr13",
            "display_name_normalized": "valkyr13",
            "fields": null,
            "status_text": "",
            "status_emoji": "",
            "status_expiration": 0,
            "avatar_hash": "gede7317010d",
            "image_24": "https:\/\/secure.gravatar.com\/avatar\/ede7317010dc7aa0ee353fbdc684b0ca.jpg?s=24&d=https%3A%2F%2Fa.slack-edge.com%2F66f9%2Fimg%2Favatars%2Fava_0001-24.png",
            "image_32": "https:\/\/secure.gravatar.com\/avatar\/ede7317010dc7aa0ee353fbdc684b0ca.jpg?s=32&d=https%3A%2F%2Fa.slack-edge.com%2F66f9%2Fimg%2Favatars%2Fava_0001-32.png",
            "image_48": "https:\/\/secure.gravatar.com\/avatar\/ede7317010dc7aa0ee353fbdc684b0ca.jpg?s=48&d=https%3A%2F%2Fa.slack-edge.com%2F0180%2Fimg%2Favatars%2Fava_0001-48.png",
            "image_72": "https:\/\/secure.gravatar.com\/avatar\/ede7317010dc7aa0ee353fbdc684b0ca.jpg?s=72&d=https%3A%2F%2Fa.slack-edge.com%2F3654%2Fimg%2Favatars%2Fava_0001-72.png",
            "image_192": "https:\/\/secure.gravatar.com\/avatar\/ede7317010dc7aa0ee353fbdc684b0ca.jpg?s=192&d=https%3A%2F%2Fa.slack-edge.com%2F7fa9%2Fimg%2Favatars%2Fava_0001-192.png",
            "image_512": "https:\/\/secure.gravatar.com\/avatar\/ede7317010dc7aa0ee353fbdc684b0ca.jpg?s=512&d=https%3A%2F%2Fa.slack-edge.com%2F7fa9%2Fimg%2Favatars%2Fava_0001-512.png",
            "team": "TA5JRC46L"
        },
        "is_admin": false,
        "is_owner": false,
        "is_primary_owner": false,
        "is_restricted": false,
        "is_ultra_restricted": false,
        "is_bot": false,
        "updated": 1525111475,
        "is_app_user": false
    },
    {
        "id": "UAHUQBNUX",
        "team_id": "TA5JRC46L",
        "name": "varunkmr0824",
        "deleted": false,
        "color": "e06b56",
        "real_name": "Varun Kumar M",
        "tz": "Asia\/Kolkata",
        "tz_label": "India Standard Time",
        "tz_offset": 19800,
        "profile": {
            "title": "",
            "phone": "",
            "skype": "",
            "real_name": "Varun Kumar M",
            "real_name_normalized": "Varun Kumar M",
            "display_name": "Varunz",
            "display_name_normalized": "Varunz",
            "fields": null,
            "status_text": "",
            "status_emoji": "",
            "status_expiration": 0,
            "avatar_hash": "g8654ee99bd9",
            "image_24": "https:\/\/secure.gravatar.com\/avatar\/8654ee99bd930de3da3731742ede81fb.jpg?s=24&d=https%3A%2F%2Fa.slack-edge.com%2F66f9%2Fimg%2Favatars%2Fava_0002-24.png",
            "image_32": "https:\/\/secure.gravatar.com\/avatar\/8654ee99bd930de3da3731742ede81fb.jpg?s=32&d=https%3A%2F%2Fa.slack-edge.com%2F0180%2Fimg%2Favatars%2Fava_0002-32.png",
            "image_48": "https:\/\/secure.gravatar.com\/avatar\/8654ee99bd930de3da3731742ede81fb.jpg?s=48&d=https%3A%2F%2Fa.slack-edge.com%2F66f9%2Fimg%2Favatars%2Fava_0002-48.png",
            "image_72": "https:\/\/secure.gravatar.com\/avatar\/8654ee99bd930de3da3731742ede81fb.jpg?s=72&d=https%3A%2F%2Fa.slack-edge.com%2F66f9%2Fimg%2Favatars%2Fava_0002-72.png",
            "image_192": "https:\/\/secure.gravatar.com\/avatar\/8654ee99bd930de3da3731742ede81fb.jpg?s=192&d=https%3A%2F%2Fa.slack-edge.com%2F7fa9%2Fimg%2Favatars%2Fava_0002-192.png",
            "image_512": "https:\/\/secure.gravatar.com\/avatar\/8654ee99bd930de3da3731742ede81fb.jpg?s=512&d=https%3A%2F%2Fa.slack-edge.com%2F7fa9%2Fimg%2Favatars%2Fava_0002-512.png",
            "team": "TA5JRC46L"
        },
        "is_admin": false,
        "is_owner": false,
        "is_primary_owner": false,
        "is_restricted": false,
        "is_ultra_restricted": false,
        "is_bot": false,
        "updated": 1525252796,
        "is_app_user": false
    },
    {
        "id": "UAD8N2D1A",
        "team_id": "TA5JRC46L",
        "name": "vasthavip1998",
        "deleted": false,
        "color": "674b1b",
        "real_name": "Varsha P",
        "tz": "Asia\/Kolkata",
        "tz_label": "India Standard Time",
        "tz_offset": 19800,
        "profile": {
            "title": "",
            "phone": "",
            "skype": "",
            "real_name": "Varsha P",
            "real_name_normalized": "Varsha P",
            "display_name": "Varsha",
            "display_name_normalized": "Varsha",
            "fields": null,
            "status_text": "",
            "status_emoji": "",
            "status_expiration": 0,
            "avatar_hash": "g81225e0f62c",
            "image_24": "https:\/\/secure.gravatar.com\/avatar\/81225e0f62c017d80d8aee985b73e49a.jpg?s=24&d=https%3A%2F%2Fa.slack-edge.com%2F0180%2Fimg%2Favatars%2Fava_0017-24.png",
            "image_32": "https:\/\/secure.gravatar.com\/avatar\/81225e0f62c017d80d8aee985b73e49a.jpg?s=32&d=https%3A%2F%2Fa.slack-edge.com%2F66f9%2Fimg%2Favatars%2Fava_0017-32.png",
            "image_48": "https:\/\/secure.gravatar.com\/avatar\/81225e0f62c017d80d8aee985b73e49a.jpg?s=48&d=https%3A%2F%2Fa.slack-edge.com%2F66f9%2Fimg%2Favatars%2Fava_0017-48.png",
            "image_72": "https:\/\/secure.gravatar.com\/avatar\/81225e0f62c017d80d8aee985b73e49a.jpg?s=72&d=https%3A%2F%2Fa.slack-edge.com%2F66f9%2Fimg%2Favatars%2Fava_0017-72.png",
            "image_192": "https:\/\/secure.gravatar.com\/avatar\/81225e0f62c017d80d8aee985b73e49a.jpg?s=192&d=https%3A%2F%2Fa.slack-edge.com%2F7fa9%2Fimg%2Favatars%2Fava_0017-192.png",
            "image_512": "https:\/\/secure.gravatar.com\/avatar\/81225e0f62c017d80d8aee985b73e49a.jpg?s=512&d=https%3A%2F%2Fa.slack-edge.com%2F7fa9%2Fimg%2Favatars%2Fava_0017-512.png",
            "team": "TA5JRC46L"
        },
        "is_admin": false,
        "is_owner": false,
        "is_primary_owner": false,
        "is_restricted": false,
        "is_ultra_restricted": false,
        "is_bot": false,
        "updated": 1524726885,
        "is_app_user": false
    },
    {
        "id": "UAH4JD7AS",
        "team_id": "TA5JRC46L",
        "name": "vvijaytanmai",
        "deleted": false,
        "color": "ea2977",
        "real_name": "Tanmai H",
        "tz": "Asia\/Kolkata",
        "tz_label": "India Standard Time",
        "tz_offset": 19800,
        "profile": {
            "title": "",
            "phone": "",
            "skype": "",
            "real_name": "Tanmai H",
            "real_name_normalized": "Tanmai H",
            "display_name": "",
            "display_name_normalized": "",
            "fields": null,
            "status_text": "",
            "status_emoji": "",
            "status_expiration": 0,
            "avatar_hash": "gcc2637ebe60",
            "image_24": "https:\/\/secure.gravatar.com\/avatar\/cc2637ebe60081f6117bb21a0ef83ed3.jpg?s=24&d=https%3A%2F%2Fa.slack-edge.com%2F66f9%2Fimg%2Favatars%2Fava_0005-24.png",
            "image_32": "https:\/\/secure.gravatar.com\/avatar\/cc2637ebe60081f6117bb21a0ef83ed3.jpg?s=32&d=https%3A%2F%2Fa.slack-edge.com%2F66f9%2Fimg%2Favatars%2Fava_0005-32.png",
            "image_48": "https:\/\/secure.gravatar.com\/avatar\/cc2637ebe60081f6117bb21a0ef83ed3.jpg?s=48&d=https%3A%2F%2Fa.slack-edge.com%2F66f9%2Fimg%2Favatars%2Fava_0005-48.png",
            "image_72": "https:\/\/secure.gravatar.com\/avatar\/cc2637ebe60081f6117bb21a0ef83ed3.jpg?s=72&d=https%3A%2F%2Fa.slack-edge.com%2F66f9%2Fimg%2Favatars%2Fava_0005-72.png",
            "image_192": "https:\/\/secure.gravatar.com\/avatar\/cc2637ebe60081f6117bb21a0ef83ed3.jpg?s=192&d=https%3A%2F%2Fa.slack-edge.com%2F7fa9%2Fimg%2Favatars%2Fava_0005-192.png",
            "image_512": "https:\/\/secure.gravatar.com\/avatar\/cc2637ebe60081f6117bb21a0ef83ed3.jpg?s=512&d=https%3A%2F%2Fa.slack-edge.com%2F7fa9%2Fimg%2Favatars%2Fava_0005-512.png",
            "team": "TA5JRC46L"
        },
        "is_admin": false,
        "is_owner": false,
        "is_primary_owner": false,
        "is_restricted": false,
        "is_ultra_restricted": false,
        "is_bot": false,
        "updated": 1525156703,
        "is_app_user": false
    }
]