[
    {
        "user": "UAGCQFB37",
        "text": "<@UAGCQFB37> has joined the channel",
        "type": "message",
        "subtype": "channel_join",
        "ts": "1525164814.000268"
    },
    {
        "user": "UAG22T77E",
        "text": "<@UAG22T77E> has joined the channel",
        "type": "message",
        "subtype": "channel_join",
        "ts": "1525165413.000030"
    },
    {
        "user": "UAFNDABR7",
        "text": "<@UAFNDABR7> has joined the channel",
        "type": "message",
        "subtype": "channel_join",
        "ts": "1525167080.000128"
    },
    {
        "user": "UAG67A6FM",
        "text": "<@UAG67A6FM> has joined the channel",
        "type": "message",
        "subtype": "channel_join",
        "ts": "1525167980.000206"
    },
    {
        "type": "message",
        "user": "UAG67A6FM",
        "text": "Please join the sessions channel :slightly_smiling_face:",
        "ts": "1525168053.000124"
    },
    {
        "user": "UAG6D2RH9",
        "text": "<@UAG6D2RH9> has joined the channel",
        "type": "message",
        "subtype": "channel_join",
        "ts": "1525169162.000185"
    },
    {
        "user": "UAG2SJL8L",
        "text": "<@UAG2SJL8L> has joined the channel",
        "type": "message",
        "subtype": "channel_join",
        "ts": "1525170373.000255"
    },
    {
        "type": "message",
        "subtype": "pinned_item",
        "user": "UAG6KPHSP",
        "item_type": "C",
        "attachments": [
            {
                "fallback": "[May 1st, 2018 2:47 AM] anumehaagrawal29: Please join the sessions channel :slightly_smiling_face:",
                "ts": "1525168053.000124",
                "author_id": "UAG67A6FM",
                "author_subname": "Anumeha Agrawal",
                "channel_id": "CA9K8GUSJ",
                "channel_name": "general",
                "is_msg_unfurl": true,
                "text": "Please join the sessions channel :slightly_smiling_face:",
                "author_name": "Anumeha Agrawal",
                "author_link": "https:\/\/databasesmp.slack.com\/team\/UAG67A6FM",
                "author_icon": "https:\/\/secure.gravatar.com\/avatar\/8ca067b3c05eb5b9a08796524baeaba5.jpg?s=48&d=https%3A%2F%2Fa.slack-edge.com%2F66f9%2Fimg%2Favatars%2Fava_0013-48.png",
                "mrkdwn_in": [
                    "text"
                ],
                "from_hidden_wksp": false
            }
        ],
        "text": "<@UAG6KPHSP> pinned a message to this channel.",
        "ts": "1525170900.000061"
    },
    {
        "type": "message",
        "user": "UAG67A6FM",
        "text": "Click on Channels in the left hand side menu and join the sessions channel",
        "ts": "1525170970.000238"
    }
]