[
    {
        "user": "UAFNMHGDQ",
        "text": "<@UAFNMHGDQ> has joined the channel",
        "type": "message",
        "subtype": "channel_join",
        "ts": "1525096187.000701"
    },
    {
        "user": "UAGKJHXTQ",
        "text": "<@UAGKJHXTQ> has joined the channel",
        "type": "message",
        "subtype": "channel_join",
        "ts": "1525096303.000666"
    },
    {
        "user": "UAF6SA6RF",
        "text": "<@UAF6SA6RF> has joined the channel",
        "type": "message",
        "subtype": "channel_join",
        "ts": "1525096685.000643"
    },
    {
        "user": "UAGKRABV4",
        "text": "<@UAGKRABV4> has joined the channel",
        "type": "message",
        "subtype": "channel_join",
        "ts": "1525096818.000393"
    },
    {
        "user": "UAFP9QVRQ",
        "text": "<@UAFP9QVRQ> has joined the channel",
        "type": "message",
        "subtype": "channel_join",
        "ts": "1525097776.000408"
    },
    {
        "user": "UAFGN6JHJ",
        "text": "<@UAFGN6JHJ> has joined the channel",
        "type": "message",
        "subtype": "channel_join",
        "ts": "1525097945.000434"
    },
    {
        "user": "UAGLWJ0BY",
        "text": "<@UAGLWJ0BY> has joined the channel",
        "type": "message",
        "subtype": "channel_join",
        "ts": "1525099594.000531"
    },
    {
        "user": "UAFM85HFD",
        "text": "<@UAFM85HFD> has joined the channel",
        "type": "message",
        "subtype": "channel_join",
        "ts": "1525099938.000272"
    },
    {
        "user": "UAGSE2Y9M",
        "text": "<@UAGSE2Y9M> has joined the channel",
        "type": "message",
        "subtype": "channel_join",
        "ts": "1525101773.000772"
    },
    {
        "user": "UAFNLK43D",
        "text": "<@UAFNLK43D> has joined the channel",
        "type": "message",
        "subtype": "channel_join",
        "ts": "1525103059.000698"
    },
    {
        "user": "UAFP8H459",
        "text": "<@UAFP8H459> has joined the channel",
        "type": "message",
        "subtype": "channel_join",
        "ts": "1525104545.000229"
    },
    {
        "user": "UAH0M6B71",
        "text": "<@UAH0M6B71> has joined the channel",
        "type": "message",
        "subtype": "channel_join",
        "ts": "1525111091.000269"
    }
]