[
    {
        "user": "UA86F1DFT",
        "topic": "",
        "text": "<@UA86F1DFT> cleared channel topic",
        "type": "message",
        "subtype": "channel_topic",
        "ts": "1525070599.000148"
    },
    {
        "user": "UA86F1DFT",
        "purpose": "This channel is for announcements. Look out for new assignments or homeworks and session announcements.",
        "text": "<@UA86F1DFT> set the channel purpose: This channel is for announcements. Look out for new assignments or homeworks and session announcements.",
        "type": "message",
        "subtype": "channel_purpose",
        "ts": "1525070599.000181"
    }
]